{
  "last_node_id": 396,
  "last_link_id": 1093,
  "nodes": [
    {
      "id": 314,
      "type": "UpscaleModelLoader",
      "pos": [
        3956.8272430783913,
        -332.73170188471414
      ],
      "size": {
        "0": 315,
        "1": 58
      },
      "flags": {},
      "order": 0,
      "mode": 0,
      "outputs": [
        {
          "name": "UPSCALE_MODEL",
          "type": "UPSCALE_MODEL",
          "links": [
            854
          ],
          "slot_index": 0
        }
      ],
      "properties": {
        "Node name for S&R": "UpscaleModelLoader"
      },
      "widgets_values": [
        "RealESRGAN_x2plus.pth"
      ],
      "color": "#222",
      "bgcolor": "#000"
    },
    {
      "id": 11,
      "type": "UpscaleModelLoader",
      "pos": [
        1743,
        185
      ],
      "size": {
        "0": 280.7911071777344,
        "1": 58
      },
      "flags": {},
      "order": 1,
      "mode": 0,
      "outputs": [
        {
          "name": "UPSCALE_MODEL",
          "type": "UPSCALE_MODEL",
          "links": [
            14
          ]
        }
      ],
      "properties": {
        "Node name for S&R": "UpscaleModelLoader"
      },
      "widgets_values": [
        "4x-UltraSharp.pth"
      ],
      "color": "#222",
      "bgcolor": "#000"
    },
    {
      "id": 299,
      "type": "Note",
      "pos": [
        -315.58876516387517,
        1200.3396697381022
      ],
      "size": {
        "0": 222.7902374267578,
        "1": 89.3699951171875
      },
      "flags": {
        "collapsed": true
      },
      "order": 2,
      "mode": 0,
      "properties": {
        "text": ""
      },
      "widgets_values": [
        "optional batch\n\nswitch between normal (1) snad inverted (2)\n"
      ],
      "color": "#432",
      "bgcolor": "#653"
    },
    {
      "id": 8,
      "type": "VAELoader",
      "pos": [
        -1959,
        241
      ],
      "size": {
        "0": 380.9580383300781,
        "1": 58
      },
      "flags": {},
      "order": 3,
      "mode": 0,
      "outputs": [
        {
          "name": "VAE",
          "type": "VAE",
          "links": [
            514
          ],
          "slot_index": 0
        }
      ],
      "properties": {
        "Node name for S&R": "VAELoader"
      },
      "widgets_values": [
        "vae-ft-mse-840000-ema-pruned.safetensors"
      ],
      "color": "#222",
      "bgcolor": "#000"
    },
    {
      "id": 325,
      "type": "Note",
      "pos": [
        4364.062347356382,
        528.1602988957281
      ],
      "size": {
        "0": 210,
        "1": 64.32551574707031
      },
      "flags": {
        "collapsed": true
      },
      "order": 4,
      "mode": 0,
      "title": "Input Options",
      "properties": {
        "text": ""
      },
      "widgets_values": [
        "switch between image style OFF (1) and ON (2)"
      ],
      "color": "#432",
      "bgcolor": "#653"
    },
    {
      "id": 104,
      "type": "ControlNetLoader",
      "pos": [
        -293,
        -360
      ],
      "size": {
        "0": 315,
        "1": 58
      },
      "flags": {},
      "order": 5,
      "mode": 0,
      "outputs": [
        {
          "name": "CONTROL_NET",
          "type": "CONTROL_NET",
          "links": [
            844
          ],
          "slot_index": 0
        }
      ],
      "properties": {
        "Node name for S&R": "ControlNetLoader"
      },
      "widgets_values": [
        "control_v11f1p_sd15_depth_fp16.safetensors"
      ],
      "color": "#222",
      "bgcolor": "#000"
    },
    {
      "id": 105,
      "type": "LoadImage",
      "pos": [
        -645.9171126445323,
        -359.6448085679577
      ],
      "size": {
        "0": 268.2900085449219,
        "1": 356.7406921386719
      },
      "flags": {},
      "order": 6,
      "mode": 0,
      "outputs": [
        {
          "name": "IMAGE",
          "type": "IMAGE",
          "links": [
            1032
          ],
          "slot_index": 0
        },
        {
          "name": "MASK",
          "type": "MASK",
          "links": null
        }
      ],
      "properties": {
        "Node name for S&R": "LoadImage"
      },
      "widgets_values": [
        "image.png",
        "image"
      ],
      "color": "#323",
      "bgcolor": "#535"
    },
    {
      "id": 328,
      "type": "Note",
      "pos": [
        4590,
        1040
      ],
      "size": {
        "0": 304.02142333984375,
        "1": 126.01512908935547
      },
      "flags": {
        "collapsed": false
      },
      "order": 7,
      "mode": 0,
      "title": "Filename Prefix Examples",
      "properties": {
        "text": ""
      },
      "widgets_values": [
        "%date:d-M-yy%/\n-%CheckpointLoader1.ckpt_name%\n_%Seed.seed%\n\n%date:d-M-yy%/%CheckpointLoader1.ckpt_name%_%Seed.seed%"
      ],
      "color": "#432",
      "bgcolor": "#653"
    },
    {
      "id": 319,
      "type": "Note",
      "pos": [
        4370,
        110
      ],
      "size": {
        "0": 319.8124694824219,
        "1": 58
      },
      "flags": {
        "collapsed": true
      },
      "order": 8,
      "mode": 0,
      "title": "Input Options",
      "properties": {
        "text": ""
      },
      "widgets_values": [
        "switch between no upscale (1), upscale with model (2), upscale with model + image upscale (3)"
      ],
      "color": "#432",
      "bgcolor": "#653"
    },
    {
      "id": 1,
      "type": "CheckpointLoaderSimple",
      "pos": [
        -1960.4909266976035,
        78.60046918238928
      ],
      "size": {
        "0": 383.0479431152344,
        "1": 109.41549682617188
      },
      "flags": {},
      "order": 9,
      "mode": 0,
      "outputs": [
        {
          "name": "MODEL",
          "type": "MODEL",
          "links": [
            346
          ],
          "slot_index": 0
        },
        {
          "name": "CLIP",
          "type": "CLIP",
          "links": [
            1
          ]
        },
        {
          "name": "VAE",
          "type": "VAE",
          "links": null
        }
      ],
      "properties": {
        "Node name for S&R": "CheckpointLoader"
      },
      "widgets_values": [
        "Comfyroll_v1_fp16_pruned.safetensors"
      ],
      "color": "#222",
      "bgcolor": "#000"
    },
    {
      "id": 37,
      "type": "LoadImage",
      "pos": [
        -960,
        1030
      ],
      "size": {
        "0": 221.99734497070312,
        "1": 314
      },
      "flags": {},
      "order": 10,
      "mode": 0,
      "outputs": [
        {
          "name": "IMAGE",
          "type": "IMAGE",
          "links": [
            992,
            993,
            996
          ],
          "slot_index": 0
        },
        {
          "name": "MASK",
          "type": "MASK",
          "links": [],
          "slot_index": 1
        }
      ],
      "properties": {
        "Node name for S&R": "LoadImage"
      },
      "widgets_values": [
        "image.png",
        "image"
      ],
      "color": "#323",
      "bgcolor": "#535"
    },
    {
      "id": 91,
      "type": "Note",
      "pos": [
        -1990,
        -420
      ],
      "size": {
        "0": 423,
        "1": 365
      },
      "flags": {},
      "order": 11,
      "mode": 0,
      "title": "Workbook Details",
      "properties": {
        "text": ""
      },
      "widgets_values": [
        "Comfyroll Workflow Templates\nhttps://https://civitai.com/models/59806\n\nThis template can be used with any model.\n\nRequires:\nWAS Custom Nodes\nhttps://civitai.com/models/20793/was-node-suite-comfyui\nComfyroll Custom Nodes\nhttps://civitai.com/models/87609/comfyroll-custom-nodes-for-comfyui\n\nAugust 2023\nAkatsuzi\n"
      ],
      "color": "#432",
      "bgcolor": "#653"
    },
    {
      "id": 394,
      "type": "Note",
      "pos": [
        -1520,
        -420
      ],
      "size": {
        "0": 423,
        "1": 365
      },
      "flags": {
        "pinned": false
      },
      "order": 12,
      "mode": 0,
      "title": "Setup and Tips",
      "properties": {
        "text": ""
      },
      "widgets_values": [
        "On first use:\n- select models and VAE\n- select a default LoRA in each Load LoRA node\n- select an upscale model\n- select a ControlNet model\n- add an image in each of the Load Images nodes (purple nodes)\n- select the batch_size in the Aspect Ratio node\n- set the filename_prefix in Save Image to your preferred sub-folder\n- save a copy to use as a template\n\nTips:\n- Notes can be opened by clicking on the dots (green nodes)\n- Each optional component can be bypassed using logic switches (red nodes)\n- The default setting for all logic switches is OFF (1)\n- Use Comfyroll Manager to find any missing custom nodes\n- Right-click on nodes and select Pin to pin/unpin the nodes\n"
      ],
      "color": "#233",
      "bgcolor": "#355"
    },
    {
      "id": 395,
      "type": "CR Seed",
      "pos": [
        -1960,
        360
      ],
      "size": {
        "0": 315,
        "1": 82
      },
      "flags": {},
      "order": 13,
      "mode": 0,
      "outputs": [
        {
          "name": "seed",
          "type": "INT",
          "links": [
            1084
          ],
          "shape": 3,
          "slot_index": 0
        }
      ],
      "title": "Seed",
      "properties": {
        "Node name for S&R": "CR Seed"
      },
      "widgets_values": [
        0,
        "randomize"
      ],
      "color": "#222",
      "bgcolor": "#000"
    },
    {
      "id": 396,
      "type": "CR SD1.5 Aspect Ratio",
      "pos": [
        -1960,
        500
      ],
      "size": {
        "0": 315,
        "1": 238
      },
      "flags": {},
      "order": 14,
      "mode": 0,
      "outputs": [
        {
          "name": "width",
          "type": "INT",
          "links": [
            1085,
            1089
          ],
          "shape": 3,
          "slot_index": 0
        },
        {
          "name": "height",
          "type": "INT",
          "links": [
            1086,
            1090
          ],
          "shape": 3,
          "slot_index": 1
        },
        {
          "name": "upscale_factor",
          "type": "FLOAT",
          "links": [
            1088
          ],
          "shape": 3,
          "slot_index": 2
        },
        {
          "name": "batch_size",
          "type": "INT",
          "links": [
            1087,
            1091
          ],
          "shape": 3,
          "slot_index": 3
        }
      ],
      "title": "SD1.5 Aspect Ratio",
      "properties": {
        "Node name for S&R": "CR SD1.5 Aspect Ratio"
      },
      "widgets_values": [
        512,
        512,
        "2:3 portrait 512x768",
        "Off",
        1.5,
        1
      ],
      "color": "#222",
      "bgcolor": "#000"
    },
    {
      "id": 203,
      "type": "Reroute",
      "pos": [
        -1220,
        240
      ],
      "size": [
        75,
        26
      ],
      "flags": {},
      "order": 15,
      "mode": 0,
      "inputs": [
        {
          "name": "",
          "type": "*",
          "link": 514
        }
      ],
      "outputs": [
        {
          "name": "VAE",
          "type": "VAE",
          "links": [
            1057
          ],
          "slot_index": 0
        }
      ],
      "properties": {
        "showOutputText": true,
        "horizontal": false
      }
    },
    {
      "id": 262,
      "type": "ImageScale",
      "pos": [
        -294,
        -66
      ],
      "size": {
        "0": 315,
        "1": 130
      },
      "flags": {},
      "order": 32,
      "mode": 0,
      "inputs": [
        {
          "name": "image",
          "type": "IMAGE",
          "link": 1032
        },
        {
          "name": "width",
          "type": "INT",
          "link": 1092,
          "widget": {
            "name": "width",
            "config": [
              "INT",
              {
                "default": 512,
                "min": 1,
                "max": 8192,
                "step": 1
              }
            ]
          }
        },
        {
          "name": "height",
          "type": "INT",
          "link": 1093,
          "widget": {
            "name": "height",
            "config": [
              "INT",
              {
                "default": 512,
                "min": 1,
                "max": 8192,
                "step": 1
              }
            ]
          }
        }
      ],
      "outputs": [
        {
          "name": "IMAGE",
          "type": "IMAGE",
          "links": [
            991
          ],
          "slot_index": 0
        }
      ],
      "properties": {
        "Node name for S&R": "ImageScale"
      },
      "widgets_values": [
        "nearest-exact",
        768,
        432,
        "center"
      ]
    },
    {
      "id": 144,
      "type": "Reroute",
      "pos": [
        -1218.4909266976035,
        84.60046918238922
      ],
      "size": [
        82,
        26
      ],
      "flags": {},
      "order": 16,
      "mode": 0,
      "inputs": [
        {
          "name": "",
          "type": "*",
          "link": 346
        }
      ],
      "outputs": [
        {
          "name": "MODEL",
          "type": "MODEL",
          "links": [
            833
          ],
          "slot_index": 0
        }
      ],
      "properties": {
        "showOutputText": true,
        "horizontal": false
      }
    },
    {
      "id": 2,
      "type": "CLIPSetLastLayer",
      "pos": [
        -1507.4909266976035,
        98.60046918238908
      ],
      "size": {
        "0": 229.81015014648438,
        "1": 58
      },
      "flags": {},
      "order": 17,
      "mode": 0,
      "inputs": [
        {
          "name": "clip",
          "type": "CLIP",
          "link": 1
        }
      ],
      "outputs": [
        {
          "name": "CLIP",
          "type": "CLIP",
          "links": [
            343
          ],
          "slot_index": 0
        }
      ],
      "properties": {
        "Node name for S&R": "CLIPSetLastLayer"
      },
      "widgets_values": [
        -2
      ],
      "color": "#222",
      "bgcolor": "#000"
    },
    {
      "id": 43,
      "type": "ImageInvert",
      "pos": [
        -661.1280767437501,
        1109.7446976397523
      ],
      "size": {
        "0": 235.23483276367188,
        "1": 31.74258041381836
      },
      "flags": {},
      "order": 18,
      "mode": 0,
      "inputs": [
        {
          "name": "image",
          "type": "IMAGE",
          "link": 992
        }
      ],
      "outputs": [
        {
          "name": "IMAGE",
          "type": "IMAGE",
          "links": [
            972
          ],
          "slot_index": 0
        }
      ],
      "properties": {
        "Node name for S&R": "ImageInvert"
      }
    },
    {
      "id": 367,
      "type": "CR Color Tint",
      "pos": [
        -655.1280767437501,
        1201.7446976397525
      ],
      "size": {
        "0": 231.6181640625,
        "1": 82
      },
      "flags": {},
      "order": 19,
      "mode": 0,
      "inputs": [
        {
          "name": "image",
          "type": "IMAGE",
          "link": 996
        }
      ],
      "outputs": [
        {
          "name": "IMAGE",
          "type": "IMAGE",
          "links": [
            974
          ],
          "shape": 3,
          "slot_index": 0
        }
      ],
      "title": "Color Tint",
      "properties": {
        "Node name for S&R": "CR Color Tint"
      },
      "widgets_values": [
        1,
        "lime"
      ]
    },
    {
      "id": 360,
      "type": "Reroute",
      "pos": [
        -970,
        490
      ],
      "size": [
        75,
        26
      ],
      "flags": {},
      "order": 20,
      "mode": 0,
      "inputs": [
        {
          "name": "",
          "type": "*",
          "link": 1084
        }
      ],
      "outputs": [
        {
          "name": "INT",
          "type": "INT",
          "links": [
            942
          ],
          "slot_index": 0
        }
      ],
      "properties": {
        "showOutputText": true,
        "horizontal": false
      }
    },
    {
      "id": 354,
      "type": "Reroute",
      "pos": [
        -970,
        790
      ],
      "size": [
        82,
        26
      ],
      "flags": {},
      "order": 23,
      "mode": 0,
      "inputs": [
        {
          "name": "",
          "type": "*",
          "link": 1088
        }
      ],
      "outputs": [
        {
          "name": "FLOAT",
          "type": "FLOAT",
          "links": [
            919
          ],
          "slot_index": 0
        }
      ],
      "properties": {
        "showOutputText": true,
        "horizontal": false
      }
    },
    {
      "id": 6,
      "type": "EmptyLatentImage",
      "pos": [
        -1580,
        500
      ],
      "size": {
        "0": 210,
        "1": 74
      },
      "flags": {
        "collapsed": true
      },
      "order": 24,
      "mode": 0,
      "inputs": [
        {
          "name": "width",
          "type": "INT",
          "link": 1085,
          "widget": {
            "name": "width",
            "config": [
              "INT",
              {
                "default": 512,
                "min": 64,
                "max": 8192,
                "step": 8
              }
            ]
          }
        },
        {
          "name": "height",
          "type": "INT",
          "link": 1086,
          "widget": {
            "name": "height",
            "config": [
              "INT",
              {
                "default": 512,
                "min": 64,
                "max": 8192,
                "step": 8
              }
            ]
          }
        },
        {
          "name": "batch_size",
          "type": "INT",
          "link": 1087,
          "widget": {
            "name": "batch_size",
            "config": [
              "INT",
              {
                "default": 1,
                "min": 1,
                "max": 64
              }
            ]
          }
        }
      ],
      "outputs": [
        {
          "name": "LATENT",
          "type": "LATENT",
          "links": [
            1058
          ],
          "slot_index": 0
        }
      ],
      "properties": {
        "Node name for S&R": "EmptyLatentImage"
      },
      "widgets_values": [
        512,
        768,
        1
      ]
    },
    {
      "id": 392,
      "type": "Reroute",
      "pos": [
        -970,
        850
      ],
      "size": [
        75,
        26
      ],
      "flags": {},
      "order": 25,
      "mode": 0,
      "inputs": [
        {
          "name": "",
          "type": "*",
          "link": 1091
        }
      ],
      "outputs": [
        {
          "name": "INT",
          "type": "INT",
          "links": [
            1083
          ],
          "slot_index": 0
        }
      ],
      "properties": {
        "showOutputText": true,
        "horizontal": false
      }
    },
    {
      "id": 386,
      "type": "Reroute",
      "pos": [
        -970,
        550
      ],
      "size": [
        75,
        26
      ],
      "flags": {},
      "order": 26,
      "mode": 0,
      "inputs": [
        {
          "name": "",
          "type": "*",
          "link": 1057
        }
      ],
      "outputs": [
        {
          "name": "VAE",
          "type": "VAE",
          "links": [
            1055
          ],
          "slot_index": 0
        }
      ],
      "properties": {
        "showOutputText": true,
        "horizontal": false
      }
    },
    {
      "id": 145,
      "type": "Reroute",
      "pos": [
        -1220,
        140
      ],
      "size": [
        75,
        26
      ],
      "flags": {},
      "order": 27,
      "mode": 0,
      "inputs": [
        {
          "name": "",
          "type": "*",
          "link": 343
        }
      ],
      "outputs": [
        {
          "name": "CLIP",
          "type": "CLIP",
          "links": [
            834
          ],
          "slot_index": 0
        }
      ],
      "properties": {
        "showOutputText": true,
        "horizontal": false
      }
    },
    {
      "id": 368,
      "type": "CR Image Input Switch (4 way)",
      "pos": [
        -320,
        1030
      ],
      "size": {
        "0": 257.0962829589844,
        "1": 118
      },
      "flags": {},
      "order": 28,
      "mode": 0,
      "inputs": [
        {
          "name": "image1",
          "type": "IMAGE",
          "link": 993
        },
        {
          "name": "image2",
          "type": "IMAGE",
          "link": 972
        },
        {
          "name": "image3",
          "type": "IMAGE",
          "link": 974
        },
        {
          "name": "image4",
          "type": "IMAGE",
          "link": null
        }
      ],
      "outputs": [
        {
          "name": "IMAGE",
          "type": "IMAGE",
          "links": [
            1073
          ],
          "shape": 3,
          "slot_index": 0
        }
      ],
      "title": "Image Input Switch (4 way)",
      "properties": {
        "Node name for S&R": "CR Image Input Switch (4 way)"
      },
      "widgets_values": [
        1
      ],
      "color": "#322",
      "bgcolor": "#533"
    },
    {
      "id": 361,
      "type": "Reroute",
      "pos": [
        420,
        490
      ],
      "size": [
        75,
        26
      ],
      "flags": {},
      "order": 29,
      "mode": 0,
      "inputs": [
        {
          "name": "",
          "type": "*",
          "link": 942
        }
      ],
      "outputs": [
        {
          "name": "INT",
          "type": "INT",
          "links": [
            946,
            947
          ],
          "slot_index": 0
        }
      ],
      "properties": {
        "showOutputText": true,
        "horizontal": false
      }
    },
    {
      "id": 338,
      "type": "Reroute",
      "pos": [
        -200,
        670
      ],
      "size": [
        75,
        26
      ],
      "flags": {},
      "order": 30,
      "mode": 0,
      "inputs": [
        {
          "name": "",
          "type": "*",
          "link": 882
        }
      ],
      "outputs": [
        {
          "name": "INT",
          "type": "INT",
          "links": [
            1071,
            1081
          ],
          "slot_index": 0
        }
      ],
      "properties": {
        "showOutputText": true,
        "horizontal": false
      }
    },
    {
      "id": 339,
      "type": "Reroute",
      "pos": [
        -200,
        730
      ],
      "size": [
        75,
        26
      ],
      "flags": {},
      "order": 31,
      "mode": 0,
      "inputs": [
        {
          "name": "",
          "type": "*",
          "link": 883
        }
      ],
      "outputs": [
        {
          "name": "INT",
          "type": "INT",
          "links": [
            1072,
            1080
          ],
          "slot_index": 0
        }
      ],
      "properties": {
        "showOutputText": true,
        "horizontal": false
      }
    },
    {
      "id": 350,
      "type": "Reroute",
      "pos": [
        1560,
        790
      ],
      "size": [
        82,
        26
      ],
      "flags": {},
      "order": 33,
      "mode": 0,
      "inputs": [
        {
          "name": "",
          "type": "*",
          "link": 919
        }
      ],
      "outputs": [
        {
          "name": "FLOAT",
          "type": "FLOAT",
          "links": [
            934,
            955,
            959
          ],
          "slot_index": 0
        }
      ],
      "properties": {
        "showOutputText": true,
        "horizontal": false
      }
    },
    {
      "id": 139,
      "type": "Reroute",
      "pos": [
        -970,
        610
      ],
      "size": [
        90.4,
        26
      ],
      "flags": {},
      "order": 34,
      "mode": 0,
      "inputs": [
        {
          "name": "",
          "type": "*",
          "link": 1058
        }
      ],
      "outputs": [
        {
          "name": "LATENT",
          "type": "LATENT",
          "links": [
            565
          ],
          "slot_index": 0
        }
      ],
      "properties": {
        "showOutputText": true,
        "horizontal": false
      }
    },
    {
      "id": 393,
      "type": "Reroute",
      "pos": [
        420,
        850
      ],
      "size": [
        75,
        26
      ],
      "flags": {},
      "order": 35,
      "mode": 0,
      "inputs": [
        {
          "name": "",
          "type": "*",
          "link": 1083
        }
      ],
      "outputs": [
        {
          "name": "INT",
          "type": "INT",
          "links": [
            1082
          ],
          "slot_index": 0
        }
      ],
      "properties": {
        "showOutputText": true,
        "horizontal": false
      }
    },
    {
      "id": 387,
      "type": "Reroute",
      "pos": [
        420,
        550
      ],
      "size": [
        75,
        26
      ],
      "flags": {},
      "order": 36,
      "mode": 0,
      "inputs": [
        {
          "name": "",
          "type": "*",
          "link": 1055
        }
      ],
      "outputs": [
        {
          "name": "VAE",
          "type": "VAE",
          "links": [
            1060,
            1069
          ],
          "slot_index": 0
        }
      ],
      "properties": {
        "showOutputText": true,
        "horizontal": false
      }
    },
    {
      "id": 305,
      "type": "CR Load LoRA",
      "pos": [
        -1011,
        234
      ],
      "size": {
        "0": 315,
        "1": 150
      },
      "flags": {},
      "order": 37,
      "mode": 0,
      "inputs": [
        {
          "name": "model",
          "type": "MODEL",
          "link": 833
        },
        {
          "name": "clip",
          "type": "CLIP",
          "link": 834
        }
      ],
      "outputs": [
        {
          "name": "MODEL",
          "type": "MODEL",
          "links": [
            1019
          ],
          "shape": 3,
          "slot_index": 0
        },
        {
          "name": "CLIP",
          "type": "CLIP",
          "links": [
            1020
          ],
          "shape": 3,
          "slot_index": 1
        }
      ],
      "title": "Load LoRA 1",
      "properties": {
        "Node name for S&R": "CR Load LoRA"
      },
      "widgets_values": [
        "Off",
        "add_detail.safetensors",
        0.5,
        0.5
      ],
      "color": "#222",
      "bgcolor": "#000"
    },
    {
      "id": 362,
      "type": "Reroute",
      "pos": [
        1560,
        490
      ],
      "size": [
        75,
        26
      ],
      "flags": {},
      "order": 38,
      "mode": 0,
      "inputs": [
        {
          "name": "",
          "type": "*",
          "link": 947
        }
      ],
      "outputs": [
        {
          "name": "INT",
          "type": "INT",
          "links": [
            995
          ],
          "slot_index": 0
        }
      ],
      "properties": {
        "showOutputText": true,
        "horizontal": false
      }
    },
    {
      "id": 352,
      "type": "Reroute",
      "pos": [
        1560,
        670
      ],
      "size": [
        75,
        26
      ],
      "flags": {},
      "order": 39,
      "mode": 0,
      "inputs": [
        {
          "name": "",
          "type": "*",
          "link": 1081
        }
      ],
      "outputs": [
        {
          "name": "INT",
          "type": "INT",
          "links": [
            957
          ],
          "slot_index": 0
        }
      ],
      "properties": {
        "showOutputText": true,
        "horizontal": false
      }
    },
    {
      "id": 390,
      "type": "ImageScale",
      "pos": [
        0,
        1030
      ],
      "size": {
        "0": 299.2333984375,
        "1": 130
      },
      "flags": {},
      "order": 40,
      "mode": 0,
      "inputs": [
        {
          "name": "image",
          "type": "IMAGE",
          "link": 1073
        },
        {
          "name": "width",
          "type": "INT",
          "link": 1071,
          "widget": {
            "name": "width",
            "config": [
              "INT",
              {
                "default": 512,
                "min": 1,
                "max": 8192,
                "step": 1
              }
            ]
          }
        },
        {
          "name": "height",
          "type": "INT",
          "link": 1072,
          "widget": {
            "name": "height",
            "config": [
              "INT",
              {
                "default": 512,
                "min": 1,
                "max": 8192,
                "step": 1
              }
            ]
          }
        }
      ],
      "outputs": [
        {
          "name": "IMAGE",
          "type": "IMAGE",
          "links": [
            1074,
            1075
          ],
          "shape": 3,
          "slot_index": 0
        }
      ],
      "properties": {
        "Node name for S&R": "ImageScale"
      },
      "widgets_values": [
        "nearest-exact",
        512,
        768,
        "center"
      ]
    },
    {
      "id": 351,
      "type": "Reroute",
      "pos": [
        1560,
        730
      ],
      "size": [
        75,
        26
      ],
      "flags": {},
      "order": 41,
      "mode": 0,
      "inputs": [
        {
          "name": "",
          "type": "*",
          "link": 1080
        }
      ],
      "outputs": [
        {
          "name": "INT",
          "type": "INT",
          "links": [
            958
          ],
          "slot_index": 0
        }
      ],
      "properties": {
        "showOutputText": true,
        "horizontal": false
      }
    },
    {
      "id": 135,
      "type": "Reroute",
      "pos": [
        420,
        610
      ],
      "size": [
        90.4,
        26
      ],
      "flags": {},
      "order": 42,
      "mode": 0,
      "inputs": [
        {
          "name": "",
          "type": "*",
          "link": 565
        }
      ],
      "outputs": [
        {
          "name": "LATENT",
          "type": "LATENT",
          "links": [
            1059
          ],
          "slot_index": 0
        }
      ],
      "properties": {
        "showOutputText": true,
        "horizontal": false
      }
    },
    {
      "id": 27,
      "type": "Reroute",
      "pos": [
        1560,
        550
      ],
      "size": [
        75,
        26
      ],
      "flags": {},
      "order": 43,
      "mode": 0,
      "inputs": [
        {
          "name": "",
          "type": "*",
          "link": 1060
        }
      ],
      "outputs": [
        {
          "name": "VAE",
          "type": "VAE",
          "links": [
            1067,
            1068
          ],
          "slot_index": 0
        }
      ],
      "properties": {
        "showOutputText": true,
        "horizontal": false
      }
    },
    {
      "id": 304,
      "type": "CR Load LoRA",
      "pos": [
        -646,
        234
      ],
      "size": {
        "0": 319.68670654296875,
        "1": 150
      },
      "flags": {},
      "order": 44,
      "mode": 0,
      "inputs": [
        {
          "name": "model",
          "type": "MODEL",
          "link": 1019
        },
        {
          "name": "clip",
          "type": "CLIP",
          "link": 1020
        }
      ],
      "outputs": [
        {
          "name": "MODEL",
          "type": "MODEL",
          "links": [
            1027
          ],
          "shape": 3,
          "slot_index": 0
        },
        {
          "name": "CLIP",
          "type": "CLIP",
          "links": [
            1028
          ],
          "shape": 3,
          "slot_index": 1
        }
      ],
      "title": "Load LoRA 2",
      "properties": {
        "Node name for S&R": "CR Load LoRA"
      },
      "widgets_values": [
        "Off",
        "None",
        0.5,
        0.5
      ],
      "color": "#222",
      "bgcolor": "#000"
    },
    {
      "id": 311,
      "type": "Reroute",
      "pos": [
        3210,
        490
      ],
      "size": [
        75,
        26
      ],
      "flags": {},
      "order": 45,
      "mode": 0,
      "inputs": [
        {
          "name": "",
          "type": "*",
          "link": 995
        }
      ],
      "outputs": [
        {
          "name": "INT",
          "type": "INT",
          "links": [
            853
          ],
          "slot_index": 0
        }
      ],
      "properties": {
        "showOutputText": true,
        "horizontal": false
      }
    },
    {
      "id": 357,
      "type": "CR Integer Multiple",
      "pos": [
        2137,
        310
      ],
      "size": {
        "0": 210,
        "1": 82
      },
      "flags": {
        "collapsed": true
      },
      "order": 46,
      "mode": 0,
      "inputs": [
        {
          "name": "integer",
          "type": "INT",
          "link": 957,
          "widget": {
            "name": "integer",
            "config": [
              "INT",
              {
                "default": 1,
                "min": -18446744073709552000,
                "max": 18446744073709552000
              }
            ]
          }
        },
        {
          "name": "multiple",
          "type": "FLOAT",
          "link": 955,
          "widget": {
            "name": "multiple",
            "config": [
              "FLOAT",
              {
                "default": 8,
                "min": 1,
                "max": 18446744073709552000
              }
            ]
          }
        }
      ],
      "outputs": [
        {
          "name": "INT",
          "type": "INT",
          "links": [
            930
          ],
          "shape": 3,
          "slot_index": 0
        }
      ],
      "title": "Integer Multiple",
      "properties": {
        "Node name for S&R": "CR Integer Multiple"
      },
      "widgets_values": [
        1,
        8
      ]
    },
    {
      "id": 110,
      "type": "PreviewImage",
      "pos": [
        9.871923256249964,
        1292.7446976397525
      ],
      "size": {
        "0": 290.07574462890625,
        "1": 246.61097717285156
      },
      "flags": {},
      "order": 47,
      "mode": 0,
      "inputs": [
        {
          "name": "images",
          "type": "IMAGE",
          "link": 1074
        }
      ],
      "properties": {
        "Node name for S&R": "PreviewImage"
      }
    },
    {
      "id": 376,
      "type": "VAEEncodeTiled",
      "pos": [
        610,
        1030
      ],
      "size": {
        "0": 210,
        "1": 46
      },
      "flags": {},
      "order": 48,
      "mode": 0,
      "inputs": [
        {
          "name": "pixels",
          "type": "IMAGE",
          "link": 1075
        },
        {
          "name": "vae",
          "type": "VAE",
          "link": 1069
        }
      ],
      "outputs": [
        {
          "name": "LATENT",
          "type": "LATENT",
          "links": [
            1077
          ],
          "shape": 3,
          "slot_index": 0
        }
      ],
      "properties": {
        "Node name for S&R": "VAEEncodeTiled"
      }
    },
    {
      "id": 358,
      "type": "CR Integer Multiple",
      "pos": [
        2139,
        368
      ],
      "size": {
        "0": 210,
        "1": 82
      },
      "flags": {
        "collapsed": true
      },
      "order": 49,
      "mode": 0,
      "inputs": [
        {
          "name": "integer",
          "type": "INT",
          "link": 958,
          "widget": {
            "name": "integer",
            "config": [
              "INT",
              {
                "default": 1,
                "min": -18446744073709552000,
                "max": 18446744073709552000
              }
            ]
          }
        },
        {
          "name": "multiple",
          "type": "FLOAT",
          "link": 959,
          "widget": {
            "name": "multiple",
            "config": [
              "FLOAT",
              {
                "default": 8,
                "min": 1,
                "max": 18446744073709552000
              }
            ]
          }
        }
      ],
      "outputs": [
        {
          "name": "INT",
          "type": "INT",
          "links": [
            960
          ],
          "shape": 3,
          "slot_index": 0
        }
      ],
      "title": "Integer Multiple",
      "properties": {
        "Node name for S&R": "CR Integer Multiple"
      },
      "widgets_values": [
        1,
        8
      ]
    },
    {
      "id": 388,
      "type": "Reroute",
      "pos": [
        2580,
        550
      ],
      "size": [
        75,
        26
      ],
      "flags": {},
      "order": 50,
      "mode": 0,
      "inputs": [
        {
          "name": "",
          "type": "*",
          "link": 1067
        }
      ],
      "outputs": [
        {
          "name": "VAE",
          "type": "VAE",
          "links": [
            1064,
            1065
          ],
          "slot_index": 0
        }
      ],
      "properties": {
        "showOutputText": true,
        "horizontal": false
      }
    },
    {
      "id": 381,
      "type": "CR Load LoRA",
      "pos": [
        -280,
        234
      ],
      "size": {
        "0": 315,
        "1": 150
      },
      "flags": {},
      "order": 51,
      "mode": 0,
      "inputs": [
        {
          "name": "model",
          "type": "MODEL",
          "link": 1027
        },
        {
          "name": "clip",
          "type": "CLIP",
          "link": 1028
        }
      ],
      "outputs": [
        {
          "name": "MODEL",
          "type": "MODEL",
          "links": [
            1030
          ],
          "shape": 3,
          "slot_index": 0
        },
        {
          "name": "CLIP",
          "type": "CLIP",
          "links": [
            1025,
            1026
          ],
          "shape": 3,
          "slot_index": 1
        }
      ],
      "title": "Load LoRA 3",
      "properties": {
        "Node name for S&R": "CR Load LoRA"
      },
      "widgets_values": [
        "Off",
        "None",
        0.5,
        0.5
      ],
      "color": "#222",
      "bgcolor": "#000"
    },
    {
      "id": 391,
      "type": "CR Latent Batch Size",
      "pos": [
        610,
        910
      ],
      "size": {
        "0": 210,
        "1": 59.208030700683594
      },
      "flags": {},
      "order": 52,
      "mode": 0,
      "inputs": [
        {
          "name": "latent",
          "type": "LATENT",
          "link": 1077
        },
        {
          "name": "batch_size",
          "type": "INT",
          "link": 1082,
          "widget": {
            "name": "batch_size",
            "config": [
              "INT",
              {
                "default": 2,
                "min": 1,
                "max": 16,
                "step": 1
              }
            ]
          }
        }
      ],
      "outputs": [
        {
          "name": "LATENT",
          "type": "LATENT",
          "links": [
            1078
          ],
          "shape": 3,
          "slot_index": 0
        }
      ],
      "title": "Latent Batch Size",
      "properties": {
        "Node name for S&R": "CR Latent Batch Size"
      },
      "widgets_values": [
        2
      ]
    },
    {
      "id": 90,
      "type": "Reroute",
      "pos": [
        3210,
        550
      ],
      "size": [
        75,
        26
      ],
      "flags": {},
      "order": 53,
      "mode": 0,
      "inputs": [
        {
          "name": "",
          "type": "*",
          "link": 1065
        }
      ],
      "outputs": [
        {
          "name": "VAE",
          "type": "VAE",
          "links": [
            1061
          ],
          "slot_index": 0
        }
      ],
      "properties": {
        "showOutputText": true,
        "horizontal": false
      }
    },
    {
      "id": 337,
      "type": "Reroute",
      "pos": [
        750,
        230
      ],
      "size": [
        82,
        26
      ],
      "flags": {},
      "order": 54,
      "mode": 0,
      "inputs": [
        {
          "name": "",
          "type": "*",
          "link": 1030,
          "slot_index": 0
        }
      ],
      "outputs": [
        {
          "name": "MODEL",
          "type": "MODEL",
          "links": [
            879,
            1021
          ],
          "slot_index": 0
        }
      ],
      "properties": {
        "showOutputText": true,
        "horizontal": false
      }
    },
    {
      "id": 3,
      "type": "CLIPTextEncode",
      "pos": [
        239.1530930071005,
        -272.05243834918826
      ],
      "size": {
        "0": 399.92718505859375,
        "1": 233.32049560546875
      },
      "flags": {},
      "order": 55,
      "mode": 0,
      "inputs": [
        {
          "name": "clip",
          "type": "CLIP",
          "link": 1025
        }
      ],
      "outputs": [
        {
          "name": "CONDITIONING",
          "type": "CONDITIONING",
          "links": [
            843
          ],
          "slot_index": 0
        }
      ],
      "title": "Positive Prompt",
      "properties": {
        "Node name for S&R": "CLIPTextEncode"
      },
      "widgets_values": [
        "1girl, solo, long hair, white background, monochrome, blush, simple background, navel, hair ornament, bangs, pants, bare shoulders, midriff, closed mouth"
      ],
      "color": "#1a571a",
      "bgcolor": "#2e6b2e"
    },
    {
      "id": 4,
      "type": "CLIPTextEncode",
      "pos": [
        242.1530930071005,
        16.947561650811792
      ],
      "size": {
        "0": 394.48516845703125,
        "1": 163.57090759277344
      },
      "flags": {},
      "order": 56,
      "mode": 0,
      "inputs": [
        {
          "name": "clip",
          "type": "CLIP",
          "link": 1026
        }
      ],
      "outputs": [
        {
          "name": "CONDITIONING",
          "type": "CONDITIONING",
          "links": [
            1011,
            1031
          ],
          "slot_index": 0
        }
      ],
      "title": "Negative Prompt",
      "properties": {
        "Node name for S&R": "CLIPTextEncode"
      },
      "widgets_values": [
        "embedding:easynegative,\nworst quality, bad quality:1.2,\nmonochrome,\n"
      ],
      "color": "#571a1a",
      "bgcolor": "#6b2e2e"
    },
    {
      "id": 383,
      "type": "CR Img2Img Process Switch",
      "pos": [
        950,
        330
      ],
      "size": {
        "0": 227.94143676757812,
        "1": 78
      },
      "flags": {},
      "order": 57,
      "mode": 0,
      "inputs": [
        {
          "name": "txt2img",
          "type": "LATENT",
          "link": 1059
        },
        {
          "name": "img2img",
          "type": "LATENT",
          "link": 1078
        }
      ],
      "outputs": [
        {
          "name": "LATENT",
          "type": "LATENT",
          "links": [
            1040
          ],
          "shape": 3,
          "slot_index": 0
        }
      ],
      "title": "Img2Img Process Switch",
      "properties": {
        "Node name for S&R": "CR Img2Img Process Switch"
      },
      "widgets_values": [
        "txt2img"
      ],
      "color": "#322",
      "bgcolor": "#533"
    },
    {
      "id": 82,
      "type": "Reroute",
      "pos": [
        1702,
        -353
      ],
      "size": [
        82,
        26
      ],
      "flags": {},
      "order": 58,
      "mode": 0,
      "inputs": [
        {
          "name": "",
          "type": "*",
          "link": 879
        }
      ],
      "outputs": [
        {
          "name": "MODEL",
          "type": "MODEL",
          "links": [
            211
          ],
          "slot_index": 0
        }
      ],
      "properties": {
        "showOutputText": true,
        "horizontal": false
      }
    },
    {
      "id": 307,
      "type": "CR Apply ControlNet",
      "pos": [
        760,
        -180
      ],
      "size": {
        "0": 317.4000244140625,
        "1": 122
      },
      "flags": {},
      "order": 59,
      "mode": 0,
      "inputs": [
        {
          "name": "conditioning",
          "type": "CONDITIONING",
          "link": 843
        },
        {
          "name": "control_net",
          "type": "CONTROL_NET",
          "link": 844
        },
        {
          "name": "image",
          "type": "IMAGE",
          "link": 991
        }
      ],
      "outputs": [
        {
          "name": "CONDITIONING",
          "type": "CONDITIONING",
          "links": [
            842,
            847
          ],
          "shape": 3,
          "slot_index": 0
        }
      ],
      "title": "Apply ControlNet",
      "properties": {
        "Node name for S&R": "CR Apply ControlNet"
      },
      "widgets_values": [
        "Off",
        1
      ]
    },
    {
      "id": 19,
      "type": "Reroute",
      "pos": [
        1707,
        -207
      ],
      "size": [
        140.8,
        26
      ],
      "flags": {},
      "order": 60,
      "mode": 0,
      "inputs": [
        {
          "name": "",
          "type": "*",
          "link": 1031
        }
      ],
      "outputs": [
        {
          "name": "CONDITIONING",
          "type": "CONDITIONING",
          "links": [
            838
          ],
          "slot_index": 0
        }
      ],
      "properties": {
        "showOutputText": true,
        "horizontal": false
      }
    },
    {
      "id": 83,
      "type": "Reroute",
      "pos": [
        3200,
        -353
      ],
      "size": [
        82,
        26
      ],
      "flags": {},
      "order": 61,
      "mode": 0,
      "inputs": [
        {
          "name": "",
          "type": "*",
          "link": 211
        }
      ],
      "outputs": [
        {
          "name": "MODEL",
          "type": "MODEL",
          "links": [
            983
          ],
          "slot_index": 0
        }
      ],
      "properties": {
        "showOutputText": true,
        "horizontal": false
      }
    },
    {
      "id": 17,
      "type": "Reroute",
      "pos": [
        1700,
        -279
      ],
      "size": [
        140.8,
        26
      ],
      "flags": {},
      "order": 62,
      "mode": 0,
      "inputs": [
        {
          "name": "",
          "type": "*",
          "link": 842
        }
      ],
      "outputs": [
        {
          "name": "CONDITIONING",
          "type": "CONDITIONING",
          "links": [
            836
          ],
          "slot_index": 0
        }
      ],
      "properties": {
        "showOutputText": true,
        "horizontal": false
      }
    },
    {
      "id": 5,
      "type": "KSampler",
      "pos": [
        1270,
        -240
      ],
      "size": {
        "0": 315,
        "1": 446
      },
      "flags": {},
      "order": 63,
      "mode": 0,
      "inputs": [
        {
          "name": "model",
          "type": "MODEL",
          "link": 1021
        },
        {
          "name": "positive",
          "type": "CONDITIONING",
          "link": 847
        },
        {
          "name": "negative",
          "type": "CONDITIONING",
          "link": 1011
        },
        {
          "name": "latent_image",
          "type": "LATENT",
          "link": 1040
        },
        {
          "name": "seed",
          "type": "INT",
          "link": 946,
          "widget": {
            "name": "seed",
            "config": [
              "INT",
              {
                "default": 0,
                "min": 0,
                "max": 18446744073709552000
              }
            ]
          },
          "slot_index": 4
        }
      ],
      "outputs": [
        {
          "name": "LATENT",
          "type": "LATENT",
          "links": [
            951,
            952
          ],
          "slot_index": 0
        }
      ],
      "title": "KSampler 1",
      "properties": {
        "Node name for S&R": "KSampler"
      },
      "widgets_values": [
        766783596171222,
        "randomize",
        25,
        8,
        "dpmpp_2m",
        "karras",
        1
      ],
      "color": "#222",
      "bgcolor": "#000"
    },
    {
      "id": 242,
      "type": "Reroute",
      "pos": [
        3150,
        -207
      ],
      "size": [
        140.8,
        26
      ],
      "flags": {},
      "order": 64,
      "mode": 0,
      "inputs": [
        {
          "name": "",
          "type": "*",
          "link": 838
        }
      ],
      "outputs": [
        {
          "name": "CONDITIONING",
          "type": "CONDITIONING",
          "links": [
            810
          ],
          "slot_index": 0
        }
      ],
      "properties": {
        "showOutputText": true,
        "horizontal": false
      }
    },
    {
      "id": 249,
      "type": "Reroute",
      "pos": [
        3147,
        -280
      ],
      "size": [
        140.8,
        26
      ],
      "flags": {},
      "order": 65,
      "mode": 0,
      "inputs": [
        {
          "name": "",
          "type": "*",
          "link": 836
        }
      ],
      "outputs": [
        {
          "name": "CONDITIONING",
          "type": "CONDITIONING",
          "links": [
            984
          ],
          "slot_index": 0
        }
      ],
      "properties": {
        "showOutputText": true,
        "horizontal": false
      }
    },
    {
      "id": 359,
      "type": "Latent Upscale by Factor (WAS)",
      "pos": [
        2380,
        20
      ],
      "size": {
        "0": 315,
        "1": 106
      },
      "flags": {},
      "order": 66,
      "mode": 0,
      "inputs": [
        {
          "name": "samples",
          "type": "LATENT",
          "link": 951
        },
        {
          "name": "factor",
          "type": "FLOAT",
          "link": 934,
          "widget": {
            "name": "factor",
            "config": [
              "FLOAT",
              {
                "default": 2,
                "min": 0.1,
                "max": 8,
                "step": 0.01
              }
            ]
          }
        }
      ],
      "outputs": [
        {
          "name": "LATENT",
          "type": "LATENT",
          "links": [
            936
          ],
          "shape": 3,
          "slot_index": 0
        }
      ],
      "title": "Latent Upscale by Factor",
      "properties": {
        "Node name for S&R": "Latent Upscale by Factor (WAS)"
      },
      "widgets_values": [
        "area",
        1.5,
        "true"
      ]
    },
    {
      "id": 10,
      "type": "VAEDecodeTiled",
      "pos": [
        1750,
        308
      ],
      "size": {
        "0": 210,
        "1": 46
      },
      "flags": {},
      "order": 67,
      "mode": 0,
      "inputs": [
        {
          "name": "samples",
          "type": "LATENT",
          "link": 952
        },
        {
          "name": "vae",
          "type": "VAE",
          "link": 1068
        }
      ],
      "outputs": [
        {
          "name": "IMAGE",
          "type": "IMAGE",
          "links": [
            13,
            1010
          ],
          "slot_index": 0
        }
      ],
      "properties": {
        "Node name for S&R": "VAEDecodeTiled"
      }
    },
    {
      "id": 204,
      "type": "Reroute",
      "pos": [
        2850,
        20
      ],
      "size": [
        90.4,
        26
      ],
      "flags": {},
      "order": 68,
      "mode": 0,
      "inputs": [
        {
          "name": "",
          "type": "*",
          "link": 936
        }
      ],
      "outputs": [
        {
          "name": "LATENT",
          "type": "LATENT",
          "links": [
            1034
          ],
          "slot_index": 0
        }
      ],
      "properties": {
        "showOutputText": true,
        "horizontal": false
      }
    },
    {
      "id": 12,
      "type": "ImageUpscaleWithModel",
      "pos": [
        2072,
        185
      ],
      "size": {
        "0": 241.79998779296875,
        "1": 46
      },
      "flags": {},
      "order": 69,
      "mode": 0,
      "inputs": [
        {
          "name": "upscale_model",
          "type": "UPSCALE_MODEL",
          "link": 14
        },
        {
          "name": "image",
          "type": "IMAGE",
          "link": 13
        }
      ],
      "outputs": [
        {
          "name": "IMAGE",
          "type": "IMAGE",
          "links": [
            15
          ],
          "slot_index": 0
        }
      ],
      "properties": {
        "Node name for S&R": "ImageUpscaleWithModel"
      }
    },
    {
      "id": 147,
      "type": "PreviewImage",
      "pos": [
        2110,
        690
      ],
      "size": {
        "0": 476.0032653808594,
        "1": 504.8800964355469
      },
      "flags": {},
      "order": 70,
      "mode": 0,
      "inputs": [
        {
          "name": "images",
          "type": "IMAGE",
          "link": 1010
        }
      ],
      "properties": {
        "Node name for S&R": "PreviewImage"
      }
    },
    {
      "id": 13,
      "type": "ImageScale",
      "pos": [
        2383.7896417404622,
        239.04367700171625
      ],
      "size": {
        "0": 315,
        "1": 130
      },
      "flags": {},
      "order": 71,
      "mode": 0,
      "inputs": [
        {
          "name": "image",
          "type": "IMAGE",
          "link": 15
        },
        {
          "name": "width",
          "type": "INT",
          "link": 930,
          "widget": {
            "name": "width",
            "config": [
              "INT",
              {
                "default": 512,
                "min": 1,
                "max": 8192,
                "step": 1
              }
            ]
          }
        },
        {
          "name": "height",
          "type": "INT",
          "link": 960,
          "widget": {
            "name": "height",
            "config": [
              "INT",
              {
                "default": 512,
                "min": 1,
                "max": 8192,
                "step": 1
              }
            ]
          }
        }
      ],
      "outputs": [
        {
          "name": "IMAGE",
          "type": "IMAGE",
          "links": [
            961
          ],
          "slot_index": 0
        }
      ],
      "properties": {
        "Node name for S&R": "ImageScale"
      },
      "widgets_values": [
        "nearest-exact",
        768,
        1152,
        "center"
      ]
    },
    {
      "id": 14,
      "type": "VAEEncodeTiled",
      "pos": [
        2763.7896417404622,
        237.04367700171628
      ],
      "size": {
        "0": 193.9797821044922,
        "1": 46
      },
      "flags": {},
      "order": 72,
      "mode": 0,
      "inputs": [
        {
          "name": "pixels",
          "type": "IMAGE",
          "link": 961
        },
        {
          "name": "vae",
          "type": "VAE",
          "link": 1064
        }
      ],
      "outputs": [
        {
          "name": "LATENT",
          "type": "LATENT",
          "links": [
            1035
          ],
          "slot_index": 0
        }
      ],
      "properties": {
        "Node name for S&R": "VAEEncodeTiled"
      }
    },
    {
      "id": 382,
      "type": "CR Hires Fix Process Switch",
      "pos": [
        3020,
        100
      ],
      "size": {
        "0": 226.8000030517578,
        "1": 78
      },
      "flags": {},
      "order": 73,
      "mode": 0,
      "inputs": [
        {
          "name": "latent_upscale",
          "type": "LATENT",
          "link": 1034
        },
        {
          "name": "image_upscale",
          "type": "LATENT",
          "link": 1035
        }
      ],
      "outputs": [
        {
          "name": "LATENT",
          "type": "LATENT",
          "links": [
            1036
          ],
          "shape": 3,
          "slot_index": 0
        }
      ],
      "title": "Hires Fix Process Switch",
      "properties": {
        "Node name for S&R": "CR Hires Fix Process Switch"
      },
      "widgets_values": [
        "latent_upscale"
      ],
      "color": "#322",
      "bgcolor": "#533"
    },
    {
      "id": 15,
      "type": "KSampler",
      "pos": [
        3485,
        38
      ],
      "size": {
        "0": 315,
        "1": 446
      },
      "flags": {},
      "order": 74,
      "mode": 0,
      "inputs": [
        {
          "name": "model",
          "type": "MODEL",
          "link": 983
        },
        {
          "name": "positive",
          "type": "CONDITIONING",
          "link": 984
        },
        {
          "name": "negative",
          "type": "CONDITIONING",
          "link": 810
        },
        {
          "name": "latent_image",
          "type": "LATENT",
          "link": 1036
        },
        {
          "name": "seed",
          "type": "INT",
          "link": 853,
          "widget": {
            "name": "seed",
            "config": [
              "INT",
              {
                "default": 0,
                "min": 0,
                "max": 18446744073709552000
              }
            ]
          },
          "slot_index": 4
        }
      ],
      "outputs": [
        {
          "name": "LATENT",
          "type": "LATENT",
          "links": [
            953
          ],
          "slot_index": 0
        }
      ],
      "title": "KSampler 2",
      "properties": {
        "Node name for S&R": "KSampler"
      },
      "widgets_values": [
        652090357051807,
        "randomize",
        25,
        7,
        "dpmpp_2m",
        "karras",
        0.6000000000000001
      ],
      "color": "#222",
      "bgcolor": "#000"
    },
    {
      "id": 312,
      "type": "VAEDecode",
      "pos": [
        3960.4458437467597,
        -204.92216358976464
      ],
      "size": {
        "0": 210,
        "1": 46
      },
      "flags": {
        "collapsed": false
      },
      "order": 75,
      "mode": 0,
      "inputs": [
        {
          "name": "samples",
          "type": "LATENT",
          "link": 953
        },
        {
          "name": "vae",
          "type": "VAE",
          "link": 1061
        }
      ],
      "outputs": [
        {
          "name": "IMAGE",
          "type": "IMAGE",
          "links": [
            855,
            861
          ],
          "slot_index": 0
        }
      ],
      "properties": {
        "Node name for S&R": "VAEDecode"
      }
    },
    {
      "id": 313,
      "type": "ImageUpscaleWithModel",
      "pos": [
        4370,
        -310
      ],
      "size": {
        "0": 313.53900146484375,
        "1": 46
      },
      "flags": {
        "collapsed": false
      },
      "order": 76,
      "mode": 0,
      "inputs": [
        {
          "name": "upscale_model",
          "type": "UPSCALE_MODEL",
          "link": 854
        },
        {
          "name": "image",
          "type": "IMAGE",
          "link": 855
        }
      ],
      "outputs": [
        {
          "name": "IMAGE",
          "type": "IMAGE",
          "links": [
            858,
            862
          ],
          "slot_index": 0
        }
      ],
      "properties": {
        "Node name for S&R": "ImageUpscaleWithModel"
      }
    },
    {
      "id": 317,
      "type": "ImageScale",
      "pos": [
        4370,
        -220
      ],
      "size": {
        "0": 315,
        "1": 130
      },
      "flags": {},
      "order": 77,
      "mode": 0,
      "inputs": [
        {
          "name": "image",
          "type": "IMAGE",
          "link": 858
        }
      ],
      "outputs": [
        {
          "name": "IMAGE",
          "type": "IMAGE",
          "links": [
            863
          ],
          "shape": 3,
          "slot_index": 0
        }
      ],
      "properties": {
        "Node name for S&R": "ImageScale"
      },
      "widgets_values": [
        "nearest-exact",
        1536,
        2304,
        "disabled"
      ]
    },
    {
      "id": 321,
      "type": "CR Image Input Switch (4 way)",
      "pos": [
        4370,
        -50
      ],
      "size": {
        "0": 315,
        "1": 118
      },
      "flags": {},
      "order": 78,
      "mode": 0,
      "inputs": [
        {
          "name": "image1",
          "type": "IMAGE",
          "link": 861
        },
        {
          "name": "image2",
          "type": "IMAGE",
          "link": 862
        },
        {
          "name": "image3",
          "type": "IMAGE",
          "link": 863
        },
        {
          "name": "image4",
          "type": "IMAGE",
          "link": null
        }
      ],
      "outputs": [
        {
          "name": "IMAGE",
          "type": "IMAGE",
          "links": [
            1044,
            1051
          ],
          "shape": 3,
          "slot_index": 0
        }
      ],
      "properties": {
        "Node name for S&R": "CR Image Input Switch (4 way)"
      },
      "widgets_values": [
        1
      ],
      "color": "#322",
      "bgcolor": "#533"
    },
    {
      "id": 331,
      "type": "Reroute",
      "pos": [
        3966.7183868449083,
        274.2279366848797
      ],
      "size": [
        82,
        26
      ],
      "flags": {},
      "order": 79,
      "mode": 0,
      "inputs": [
        {
          "name": "",
          "type": "*",
          "link": 1044
        }
      ],
      "outputs": [
        {
          "name": "IMAGE",
          "type": "IMAGE",
          "links": [
            864,
            865
          ]
        }
      ],
      "properties": {
        "showOutputText": true,
        "horizontal": false
      }
    },
    {
      "id": 384,
      "type": "PreviewImage",
      "pos": [
        4960,
        -380
      ],
      "size": {
        "0": 885,
        "1": 928
      },
      "flags": {},
      "order": 80,
      "mode": 0,
      "inputs": [
        {
          "name": "images",
          "type": "IMAGE",
          "link": 1051
        }
      ],
      "title": "Default Image",
      "properties": {
        "Node name for S&R": "PreviewImage"
      },
      "shape": 1
    },
    {
      "id": 323,
      "type": "Image Style Filter",
      "pos": [
        4360,
        300
      ],
      "size": {
        "0": 314.8222351074219,
        "1": 58
      },
      "flags": {},
      "order": 81,
      "mode": 0,
      "inputs": [
        {
          "name": "image",
          "type": "IMAGE",
          "link": 864
        }
      ],
      "outputs": [
        {
          "name": "IMAGE",
          "type": "IMAGE",
          "links": [
            866,
            1052
          ],
          "shape": 3,
          "slot_index": 0
        }
      ],
      "properties": {
        "Node name for S&R": "Image Style Filter"
      },
      "widgets_values": [
        "mayfair"
      ]
    },
    {
      "id": 324,
      "type": "CR Image Input Switch",
      "pos": [
        4363.735533591743,
        401.64430260125664
      ],
      "size": {
        "0": 314.822265625,
        "1": 78
      },
      "flags": {},
      "order": 82,
      "mode": 0,
      "inputs": [
        {
          "name": "image1",
          "type": "IMAGE",
          "link": 865
        },
        {
          "name": "image2",
          "type": "IMAGE",
          "link": 866
        }
      ],
      "outputs": [
        {
          "name": "IMAGE",
          "type": "IMAGE",
          "links": [
            1050
          ],
          "shape": 3,
          "slot_index": 0
        }
      ],
      "title": "Ouput Switch 1",
      "properties": {
        "Node name for S&R": "CR Image Input Switch"
      },
      "widgets_values": [
        1
      ],
      "color": "#322",
      "bgcolor": "#533"
    },
    {
      "id": 385,
      "type": "PreviewImage",
      "pos": [
        5890,
        -380
      ],
      "size": {
        "0": 885,
        "1": 928
      },
      "flags": {},
      "order": 83,
      "mode": 0,
      "inputs": [
        {
          "name": "images",
          "type": "IMAGE",
          "link": 1052
        }
      ],
      "title": "Styled Image",
      "properties": {
        "Node name for S&R": "PreviewImage"
      },
      "shape": 1
    },
    {
      "id": 377,
      "type": "SaveImage",
      "pos": [
        4960,
        620
      ],
      "size": {
        "0": 882.0186157226562,
        "1": 928.8280029296875
      },
      "flags": {},
      "order": 84,
      "mode": 0,
      "inputs": [
        {
          "name": "images",
          "type": "IMAGE",
          "link": 1050
        }
      ],
      "title": "3 - Save Image",
      "properties": {
        "Node name for S&R": "SaveImage"
      },
      "widgets_values": [
        "%date:d-M-yy%/%CheckpointLoader.ckpt_name%_%Seed.seed%"
      ],
      "color": "#222",
      "bgcolor": "#000",
      "shape": 1
    },
    {
      "id": 341,
      "type": "Reroute",
      "pos": [
        -970,
        670
      ],
      "size": [
        75,
        26
      ],
      "flags": {},
      "order": 21,
      "mode": 0,
      "inputs": [
        {
          "name": "",
          "type": "*",
          "link": 1089
        }
      ],
      "outputs": [
        {
          "name": "INT",
          "type": "INT",
          "links": [
            882,
            1092
          ],
          "slot_index": 0
        }
      ],
      "properties": {
        "showOutputText": true,
        "horizontal": false
      }
    },
    {
      "id": 340,
      "type": "Reroute",
      "pos": [
        -970,
        730
      ],
      "size": [
        75,
        26
      ],
      "flags": {},
      "order": 22,
      "mode": 0,
      "inputs": [
        {
          "name": "",
          "type": "*",
          "link": 1090
        }
      ],
      "outputs": [
        {
          "name": "INT",
          "type": "INT",
          "links": [
            883,
            1093
          ],
          "slot_index": 0
        }
      ],
      "properties": {
        "showOutputText": true,
        "horizontal": false
      }
    }
  ],
  "links": [
    [
      1,
      1,
      1,
      2,
      0,
      "CLIP"
    ],
    [
      13,
      10,
      0,
      12,
      1,
      "IMAGE"
    ],
    [
      14,
      11,
      0,
      12,
      0,
      "UPSCALE_MODEL"
    ],
    [
      15,
      12,
      0,
      13,
      0,
      "IMAGE"
    ],
    [
      211,
      82,
      0,
      83,
      0,
      "*"
    ],
    [
      343,
      2,
      0,
      145,
      0,
      "*"
    ],
    [
      346,
      1,
      0,
      144,
      0,
      "*"
    ],
    [
      514,
      8,
      0,
      203,
      0,
      "*"
    ],
    [
      565,
      139,
      0,
      135,
      0,
      "*"
    ],
    [
      810,
      242,
      0,
      15,
      2,
      "CONDITIONING"
    ],
    [
      833,
      144,
      0,
      305,
      0,
      "MODEL"
    ],
    [
      834,
      145,
      0,
      305,
      1,
      "CLIP"
    ],
    [
      836,
      17,
      0,
      249,
      0,
      "*"
    ],
    [
      838,
      19,
      0,
      242,
      0,
      "*"
    ],
    [
      842,
      307,
      0,
      17,
      0,
      "*"
    ],
    [
      843,
      3,
      0,
      307,
      0,
      "CONDITIONING"
    ],
    [
      844,
      104,
      0,
      307,
      1,
      "CONTROL_NET"
    ],
    [
      847,
      307,
      0,
      5,
      1,
      "CONDITIONING"
    ],
    [
      853,
      311,
      0,
      15,
      4,
      "INT"
    ],
    [
      854,
      314,
      0,
      313,
      0,
      "UPSCALE_MODEL"
    ],
    [
      855,
      312,
      0,
      313,
      1,
      "IMAGE"
    ],
    [
      858,
      313,
      0,
      317,
      0,
      "IMAGE"
    ],
    [
      861,
      312,
      0,
      321,
      0,
      "IMAGE"
    ],
    [
      862,
      313,
      0,
      321,
      1,
      "IMAGE"
    ],
    [
      863,
      317,
      0,
      321,
      2,
      "IMAGE"
    ],
    [
      864,
      331,
      0,
      323,
      0,
      "IMAGE"
    ],
    [
      865,
      331,
      0,
      324,
      0,
      "IMAGE"
    ],
    [
      866,
      323,
      0,
      324,
      1,
      "IMAGE"
    ],
    [
      879,
      337,
      0,
      82,
      0,
      "*"
    ],
    [
      882,
      341,
      0,
      338,
      0,
      "*"
    ],
    [
      883,
      340,
      0,
      339,
      0,
      "*"
    ],
    [
      919,
      354,
      0,
      350,
      0,
      "*"
    ],
    [
      930,
      357,
      0,
      13,
      1,
      "INT"
    ],
    [
      934,
      350,
      0,
      359,
      1,
      "FLOAT"
    ],
    [
      936,
      359,
      0,
      204,
      0,
      "*"
    ],
    [
      942,
      360,
      0,
      361,
      0,
      "*"
    ],
    [
      946,
      361,
      0,
      5,
      4,
      "INT"
    ],
    [
      947,
      361,
      0,
      362,
      0,
      "*"
    ],
    [
      951,
      5,
      0,
      359,
      0,
      "LATENT"
    ],
    [
      952,
      5,
      0,
      10,
      0,
      "LATENT"
    ],
    [
      953,
      15,
      0,
      312,
      0,
      "LATENT"
    ],
    [
      955,
      350,
      0,
      357,
      1,
      "FLOAT"
    ],
    [
      957,
      352,
      0,
      357,
      0,
      "INT"
    ],
    [
      958,
      351,
      0,
      358,
      0,
      "INT"
    ],
    [
      959,
      350,
      0,
      358,
      1,
      "FLOAT"
    ],
    [
      960,
      358,
      0,
      13,
      2,
      "INT"
    ],
    [
      961,
      13,
      0,
      14,
      0,
      "IMAGE"
    ],
    [
      972,
      43,
      0,
      368,
      1,
      "IMAGE"
    ],
    [
      974,
      367,
      0,
      368,
      2,
      "IMAGE"
    ],
    [
      983,
      83,
      0,
      15,
      0,
      "MODEL"
    ],
    [
      984,
      249,
      0,
      15,
      1,
      "CONDITIONING"
    ],
    [
      991,
      262,
      0,
      307,
      2,
      "IMAGE"
    ],
    [
      992,
      37,
      0,
      43,
      0,
      "IMAGE"
    ],
    [
      993,
      37,
      0,
      368,
      0,
      "IMAGE"
    ],
    [
      995,
      362,
      0,
      311,
      0,
      "*"
    ],
    [
      996,
      37,
      0,
      367,
      0,
      "IMAGE"
    ],
    [
      1010,
      10,
      0,
      147,
      0,
      "IMAGE"
    ],
    [
      1011,
      4,
      0,
      5,
      2,
      "CONDITIONING"
    ],
    [
      1019,
      305,
      0,
      304,
      0,
      "MODEL"
    ],
    [
      1020,
      305,
      1,
      304,
      1,
      "CLIP"
    ],
    [
      1021,
      337,
      0,
      5,
      0,
      "MODEL"
    ],
    [
      1025,
      381,
      1,
      3,
      0,
      "CLIP"
    ],
    [
      1026,
      381,
      1,
      4,
      0,
      "CLIP"
    ],
    [
      1027,
      304,
      0,
      381,
      0,
      "MODEL"
    ],
    [
      1028,
      304,
      1,
      381,
      1,
      "CLIP"
    ],
    [
      1030,
      381,
      0,
      337,
      0,
      "*"
    ],
    [
      1031,
      4,
      0,
      19,
      0,
      "*"
    ],
    [
      1032,
      105,
      0,
      262,
      0,
      "IMAGE"
    ],
    [
      1034,
      204,
      0,
      382,
      0,
      "LATENT"
    ],
    [
      1035,
      14,
      0,
      382,
      1,
      "LATENT"
    ],
    [
      1036,
      382,
      0,
      15,
      3,
      "LATENT"
    ],
    [
      1040,
      383,
      0,
      5,
      3,
      "LATENT"
    ],
    [
      1044,
      321,
      0,
      331,
      0,
      "*"
    ],
    [
      1050,
      324,
      0,
      377,
      0,
      "IMAGE"
    ],
    [
      1051,
      321,
      0,
      384,
      0,
      "IMAGE"
    ],
    [
      1052,
      323,
      0,
      385,
      0,
      "IMAGE"
    ],
    [
      1055,
      386,
      0,
      387,
      0,
      "*"
    ],
    [
      1057,
      203,
      0,
      386,
      0,
      "*"
    ],
    [
      1058,
      6,
      0,
      139,
      0,
      "*"
    ],
    [
      1059,
      135,
      0,
      383,
      0,
      "LATENT"
    ],
    [
      1060,
      387,
      0,
      27,
      0,
      "*"
    ],
    [
      1061,
      90,
      0,
      312,
      1,
      "VAE"
    ],
    [
      1064,
      388,
      0,
      14,
      1,
      "VAE"
    ],
    [
      1065,
      388,
      0,
      90,
      0,
      "*"
    ],
    [
      1067,
      27,
      0,
      388,
      0,
      "*"
    ],
    [
      1068,
      27,
      0,
      10,
      1,
      "VAE"
    ],
    [
      1069,
      387,
      0,
      376,
      1,
      "VAE"
    ],
    [
      1071,
      338,
      0,
      390,
      1,
      "INT"
    ],
    [
      1072,
      339,
      0,
      390,
      2,
      "INT"
    ],
    [
      1073,
      368,
      0,
      390,
      0,
      "IMAGE"
    ],
    [
      1074,
      390,
      0,
      110,
      0,
      "IMAGE"
    ],
    [
      1075,
      390,
      0,
      376,
      0,
      "IMAGE"
    ],
    [
      1077,
      376,
      0,
      391,
      0,
      "LATENT"
    ],
    [
      1078,
      391,
      0,
      383,
      1,
      "LATENT"
    ],
    [
      1080,
      339,
      0,
      351,
      0,
      "*"
    ],
    [
      1081,
      338,
      0,
      352,
      0,
      "*"
    ],
    [
      1082,
      393,
      0,
      391,
      1,
      "INT"
    ],
    [
      1083,
      392,
      0,
      393,
      0,
      "*"
    ],
    [
      1084,
      395,
      0,
      360,
      0,
      "*"
    ],
    [
      1085,
      396,
      0,
      6,
      0,
      "INT"
    ],
    [
      1086,
      396,
      1,
      6,
      1,
      "INT"
    ],
    [
      1087,
      396,
      3,
      6,
      2,
      "INT"
    ],
    [
      1088,
      396,
      2,
      354,
      0,
      "*"
    ],
    [
      1089,
      396,
      0,
      341,
      0,
      "*"
    ],
    [
      1090,
      396,
      1,
      340,
      0,
      "*"
    ],
    [
      1091,
      396,
      3,
      392,
      0,
      "*"
    ],
    [
      1092,
      341,
      0,
      262,
      1,
      "INT"
    ],
    [
      1093,
      340,
      0,
      262,
      2,
      "INT"
    ]
  ],
  "groups": [
    {
      "title": "Img2Img",
      "bounding": [
        -1005,
        926,
        1353,
        661
      ],
      "color": "#3f789e",
      "locked": false
    },
    {
      "title": "Hires Fix",
      "bounding": [
        1708,
        -69,
        1579,
        495
      ],
      "color": "#3f789e",
      "locked": false
    },
    {
      "title": "Image Style",
      "bounding": [
        3929,
        205,
        958,
        367
      ],
      "color": "#3f789e",
      "locked": false
    },
    {
      "title": "Prompt",
      "bounding": [
        212,
        -366,
        459,
        576
      ],
      "color": "#3f789e",
      "locked": false
    },
    {
      "title": "ControlNet",
      "bounding": [
        -696,
        -450,
        779,
        561
      ],
      "color": "#3f789e",
      "locked": false
    },
    {
      "title": "Configuration",
      "bounding": [
        -1991,
        -18,
        901,
        823
      ],
      "color": "#3f789e",
      "locked": false
    },
    {
      "title": "LoRAs",
      "bounding": [
        -1054,
        143,
        1140,
        285
      ],
      "color": "#3f789e",
      "locked": false
    },
    {
      "title": "Comfyroll SD1.5 Intermediate Template v2",
      "bounding": [
        -2028,
        -532,
        8871,
        2170
      ],
      "color": "#3f789e",
      "locked": false
    },
    {
      "title": "Upscale",
      "bounding": [
        3927,
        -427,
        956,
        592
      ],
      "color": "#3f789e",
      "locked": false
    }
  ],
  "config": {},
  "extra": {},
  "version": 0.4
}