{
  "last_node_id": 372,
  "last_link_id": 998,
  "nodes": [
    {
      "id": 14,
      "type": "VAEEncodeTiled",
      "pos": [
        2763.7896417404622,
        237.04367700171628
      ],
      "size": {
        "0": 210,
        "1": 46
      },
      "flags": {},
      "order": 75,
      "mode": 0,
      "inputs": [
        {
          "name": "pixels",
          "type": "IMAGE",
          "link": 961
        },
        {
          "name": "vae",
          "type": "VAE",
          "link": 57
        }
      ],
      "outputs": [
        {
          "name": "LATENT",
          "type": "LATENT",
          "links": [
            603
          ],
          "slot_index": 0
        }
      ],
      "properties": {
        "Node name for S&R": "VAEEncodeTiled"
      }
    },
    {
      "id": 148,
      "type": "VAEDecode",
      "pos": [
        1934.169206868205,
        910.5200164736726
      ],
      "size": {
        "0": 210,
        "1": 46
      },
      "flags": {},
      "order": 68,
      "mode": 0,
      "inputs": [
        {
          "name": "samples",
          "type": "LATENT",
          "link": 358
        },
        {
          "name": "vae",
          "type": "VAE",
          "link": 356
        }
      ],
      "outputs": [
        {
          "name": "IMAGE",
          "type": "IMAGE",
          "links": [
            357
          ],
          "slot_index": 0
        }
      ],
      "properties": {
        "Node name for S&R": "VAEDecode"
      }
    },
    {
      "id": 4,
      "type": "CLIPTextEncode",
      "pos": [
        148,
        115
      ],
      "size": {
        "0": 400,
        "1": 200
      },
      "flags": {},
      "order": 49,
      "mode": 0,
      "inputs": [
        {
          "name": "clip",
          "type": "CLIP",
          "link": 830
        }
      ],
      "outputs": [
        {
          "name": "CONDITIONING",
          "type": "CONDITIONING",
          "links": [
            33,
            246
          ],
          "slot_index": 0
        }
      ],
      "properties": {
        "Node name for S&R": "CLIPTextEncode"
      },
      "widgets_values": [
        "embedding:easynegative,\nembedding:bad-hands-5,\nworst quality, bad quality:1.2,\nmonochrome,\n"
      ],
      "color": "#222",
      "bgcolor": "#000"
    },
    {
      "id": 6,
      "type": "EmptyLatentImage",
      "pos": [
        674.6874537518033,
        336.69453517978945
      ],
      "size": {
        "0": 315,
        "1": 106
      },
      "flags": {},
      "order": 44,
      "mode": 0,
      "inputs": [
        {
          "name": "width",
          "type": "INT",
          "link": 893,
          "widget": {
            "name": "width",
            "config": [
              "INT",
              {
                "default": 512,
                "min": 64,
                "max": 8192,
                "step": 8
              }
            ]
          }
        },
        {
          "name": "height",
          "type": "INT",
          "link": 894,
          "widget": {
            "name": "height",
            "config": [
              "INT",
              {
                "default": 512,
                "min": 64,
                "max": 8192,
                "step": 8
              }
            ]
          }
        }
      ],
      "outputs": [
        {
          "name": "LATENT",
          "type": "LATENT",
          "links": [
            579
          ],
          "slot_index": 0
        }
      ],
      "properties": {
        "Node name for S&R": "EmptyLatentImage"
      },
      "widgets_values": [
        512,
        768,
        1
      ]
    },
    {
      "id": 223,
      "type": "CR Latent Input Switch",
      "pos": [
        1052.7818817139919,
        336.2024206933777
      ],
      "size": {
        "0": 235.7200164794922,
        "1": 87.84602355957031
      },
      "flags": {},
      "order": 56,
      "mode": 0,
      "inputs": [
        {
          "name": "latent1",
          "type": "LATENT",
          "link": 579
        },
        {
          "name": "latent2",
          "type": "LATENT",
          "link": 578
        }
      ],
      "outputs": [
        {
          "name": "LATENT",
          "type": "LATENT",
          "links": [
            576
          ],
          "slot_index": 0
        }
      ],
      "properties": {
        "Node name for S&R": "CR Latent Input Switch"
      },
      "widgets_values": [
        2
      ],
      "color": "#322",
      "bgcolor": "#533"
    },
    {
      "id": 96,
      "type": "Note",
      "pos": [
        3017,
        242
      ],
      "size": {
        "0": 225.06085205078125,
        "1": 105.5014877319336
      },
      "flags": {
        "collapsed": true
      },
      "order": 0,
      "mode": 0,
      "properties": {
        "text": ""
      },
      "widgets_values": [
        "switch between latent upscale (1) and tiled image upscale (2)"
      ],
      "color": "#432",
      "bgcolor": "#653"
    },
    {
      "id": 105,
      "type": "LoadImage",
      "pos": [
        -1005.2044505939339,
        -363.08682703896596
      ],
      "size": {
        "0": 268.2900085449219,
        "1": 356.7406921386719
      },
      "flags": {},
      "order": 1,
      "mode": 0,
      "outputs": [
        {
          "name": "IMAGE",
          "type": "IMAGE",
          "links": [
            650
          ],
          "slot_index": 0
        },
        {
          "name": "MASK",
          "type": "MASK",
          "links": null
        }
      ],
      "properties": {
        "Node name for S&R": "LoadImage"
      },
      "widgets_values": [
        "depth_leres-0060.png",
        "image"
      ],
      "color": "#323",
      "bgcolor": "#535"
    },
    {
      "id": 2,
      "type": "CLIPSetLastLayer",
      "pos": [
        -1507.4909266976035,
        98.60046918238908
      ],
      "size": {
        "0": 229.81015014648438,
        "1": 58
      },
      "flags": {},
      "order": 18,
      "mode": 0,
      "inputs": [
        {
          "name": "clip",
          "type": "CLIP",
          "link": 1
        }
      ],
      "outputs": [
        {
          "name": "CLIP",
          "type": "CLIP",
          "links": [
            343
          ],
          "slot_index": 0
        }
      ],
      "properties": {
        "Node name for S&R": "CLIPSetLastLayer"
      },
      "widgets_values": [
        -2
      ],
      "color": "#222",
      "bgcolor": "#000"
    },
    {
      "id": 203,
      "type": "Reroute",
      "pos": [
        -1219.4909266976035,
        263.6004691823902
      ],
      "size": [
        75,
        26
      ],
      "flags": {},
      "order": 20,
      "mode": 0,
      "inputs": [
        {
          "name": "",
          "type": "*",
          "link": 514
        }
      ],
      "outputs": [
        {
          "name": "VAE",
          "type": "VAE",
          "links": [
            516
          ],
          "slot_index": 0
        }
      ],
      "properties": {
        "showOutputText": true,
        "horizontal": false
      }
    },
    {
      "id": 289,
      "type": "Reroute",
      "pos": [
        3211,
        -132
      ],
      "size": [
        75,
        26
      ],
      "flags": {},
      "order": 66,
      "mode": 0,
      "inputs": [
        {
          "name": "",
          "type": "*",
          "link": 837
        }
      ],
      "outputs": [
        {
          "name": "CLIP",
          "type": "CLIP",
          "links": [],
          "slot_index": 0
        }
      ],
      "properties": {
        "showOutputText": true,
        "horizontal": false
      }
    },
    {
      "id": 144,
      "type": "Reroute",
      "pos": [
        -1218.4909266976035,
        84.60046918238922
      ],
      "size": [
        82,
        26
      ],
      "flags": {},
      "order": 17,
      "mode": 0,
      "inputs": [
        {
          "name": "",
          "type": "*",
          "link": 346
        }
      ],
      "outputs": [
        {
          "name": "MODEL",
          "type": "MODEL",
          "links": [
            833
          ],
          "slot_index": 0
        }
      ],
      "properties": {
        "showOutputText": true,
        "horizontal": false
      }
    },
    {
      "id": 145,
      "type": "Reroute",
      "pos": [
        -1219.4909266976035,
        157.6004691823888
      ],
      "size": [
        75,
        26
      ],
      "flags": {},
      "order": 27,
      "mode": 0,
      "inputs": [
        {
          "name": "",
          "type": "*",
          "link": 343
        }
      ],
      "outputs": [
        {
          "name": "CLIP",
          "type": "CLIP",
          "links": [
            834
          ],
          "slot_index": 0
        }
      ],
      "properties": {
        "showOutputText": true,
        "horizontal": false
      }
    },
    {
      "id": 312,
      "type": "VAEDecode",
      "pos": [
        3960.4458437467597,
        -207.32216908292872
      ],
      "size": {
        "0": 210,
        "1": 46
      },
      "flags": {
        "collapsed": false
      },
      "order": 78,
      "mode": 0,
      "inputs": [
        {
          "name": "samples",
          "type": "LATENT",
          "link": 953
        },
        {
          "name": "vae",
          "type": "VAE",
          "link": 878
        }
      ],
      "outputs": [
        {
          "name": "IMAGE",
          "type": "IMAGE",
          "links": [
            855,
            861
          ],
          "slot_index": 0
        }
      ],
      "properties": {
        "Node name for S&R": "VAEDecode"
      }
    },
    {
      "id": 313,
      "type": "ImageUpscaleWithModel",
      "pos": [
        4357.827243078392,
        -317.13170737787794
      ],
      "size": {
        "0": 313.53900146484375,
        "1": 46
      },
      "flags": {
        "collapsed": false
      },
      "order": 79,
      "mode": 0,
      "inputs": [
        {
          "name": "upscale_model",
          "type": "UPSCALE_MODEL",
          "link": 854
        },
        {
          "name": "image",
          "type": "IMAGE",
          "link": 855
        }
      ],
      "outputs": [
        {
          "name": "IMAGE",
          "type": "IMAGE",
          "links": [
            858,
            862
          ],
          "slot_index": 0
        }
      ],
      "properties": {
        "Node name for S&R": "ImageUpscaleWithModel"
      }
    },
    {
      "id": 314,
      "type": "UpscaleModelLoader",
      "pos": [
        3956.8272430783913,
        -335.1317073778782
      ],
      "size": {
        "0": 315,
        "1": 58
      },
      "flags": {},
      "order": 2,
      "mode": 0,
      "outputs": [
        {
          "name": "UPSCALE_MODEL",
          "type": "UPSCALE_MODEL",
          "links": [
            854
          ],
          "slot_index": 0
        }
      ],
      "properties": {
        "Node name for S&R": "UpscaleModelLoader"
      },
      "widgets_values": [
        "RealESRGAN_x2plus.pth"
      ],
      "color": "#222",
      "bgcolor": "#000"
    },
    {
      "id": 317,
      "type": "ImageScale",
      "pos": [
        4359.827243078392,
        -227.1317073778774
      ],
      "size": {
        "0": 315,
        "1": 130
      },
      "flags": {},
      "order": 80,
      "mode": 0,
      "inputs": [
        {
          "name": "image",
          "type": "IMAGE",
          "link": 858
        }
      ],
      "outputs": [
        {
          "name": "IMAGE",
          "type": "IMAGE",
          "links": [
            863
          ],
          "shape": 3,
          "slot_index": 0
        }
      ],
      "properties": {
        "Node name for S&R": "ImageScale"
      },
      "widgets_values": [
        "nearest-exact",
        1536,
        2304,
        "disabled"
      ]
    },
    {
      "id": 319,
      "type": "Note",
      "pos": [
        4359.827243078392,
        100.86829262212386
      ],
      "size": {
        "0": 319.8124694824219,
        "1": 58
      },
      "flags": {
        "collapsed": true
      },
      "order": 3,
      "mode": 0,
      "title": "Input Options",
      "properties": {
        "text": ""
      },
      "widgets_values": [
        "switch between no upscale (1), upscale with model (2), upscale with model + image upscale (3)"
      ],
      "color": "#432",
      "bgcolor": "#653"
    },
    {
      "id": 330,
      "type": "Reroute",
      "pos": [
        4758.741039859006,
        -360.21506766584565
      ],
      "size": [
        82,
        26
      ],
      "flags": {},
      "order": 82,
      "mode": 0,
      "inputs": [
        {
          "name": "",
          "type": "*",
          "link": 870
        }
      ],
      "outputs": [
        {
          "name": "IMAGE",
          "type": "IMAGE",
          "links": [
            871
          ]
        }
      ],
      "properties": {
        "showOutputText": true,
        "horizontal": false
      }
    },
    {
      "id": 331,
      "type": "Reroute",
      "pos": [
        3966.7183868449083,
        274.2279366848797
      ],
      "size": [
        82,
        26
      ],
      "flags": {},
      "order": 83,
      "mode": 0,
      "inputs": [
        {
          "name": "",
          "type": "*",
          "link": 871
        }
      ],
      "outputs": [
        {
          "name": "IMAGE",
          "type": "IMAGE",
          "links": [
            864,
            865,
            872
          ]
        }
      ],
      "properties": {
        "showOutputText": true,
        "horizontal": false
      }
    },
    {
      "id": 340,
      "type": "Reroute",
      "pos": [
        -970,
        730
      ],
      "size": [
        75,
        26
      ],
      "flags": {},
      "order": 24,
      "mode": 0,
      "inputs": [
        {
          "name": "",
          "type": "*",
          "link": 896
        }
      ],
      "outputs": [
        {
          "name": "INT",
          "type": "INT",
          "links": [
            883
          ]
        }
      ],
      "properties": {
        "showOutputText": true,
        "horizontal": false
      }
    },
    {
      "id": 345,
      "type": "Reroute",
      "pos": [
        420,
        670
      ],
      "size": [
        75,
        26
      ],
      "flags": {},
      "order": 37,
      "mode": 0,
      "inputs": [
        {
          "name": "",
          "type": "*",
          "link": 889
        }
      ],
      "outputs": [
        {
          "name": "INT",
          "type": "INT",
          "links": [
            893,
            915
          ],
          "slot_index": 0
        }
      ],
      "properties": {
        "showOutputText": true,
        "horizontal": false
      }
    },
    {
      "id": 344,
      "type": "Reroute",
      "pos": [
        420,
        730
      ],
      "size": [
        75,
        26
      ],
      "flags": {},
      "order": 38,
      "mode": 0,
      "inputs": [
        {
          "name": "",
          "type": "*",
          "link": 888
        }
      ],
      "outputs": [
        {
          "name": "INT",
          "type": "INT",
          "links": [
            894,
            916
          ],
          "slot_index": 0
        }
      ],
      "properties": {
        "showOutputText": true,
        "horizontal": false
      }
    },
    {
      "id": 11,
      "type": "UpscaleModelLoader",
      "pos": [
        1743,
        185
      ],
      "size": {
        "0": 280.7911071777344,
        "1": 58
      },
      "flags": {},
      "order": 4,
      "mode": 0,
      "outputs": [
        {
          "name": "UPSCALE_MODEL",
          "type": "UPSCALE_MODEL",
          "links": [
            14
          ]
        }
      ],
      "properties": {
        "Node name for S&R": "UpscaleModelLoader"
      },
      "widgets_values": [
        "4x-UltraSharp.pth"
      ],
      "color": "#222",
      "bgcolor": "#000"
    },
    {
      "id": 204,
      "type": "Reroute",
      "pos": [
        2861,
        17
      ],
      "size": [
        90.4,
        26
      ],
      "flags": {},
      "order": 72,
      "mode": 0,
      "inputs": [
        {
          "name": "",
          "type": "*",
          "link": 936
        }
      ],
      "outputs": [
        {
          "name": "LATENT",
          "type": "LATENT",
          "links": [
            602
          ],
          "slot_index": 0
        }
      ],
      "properties": {
        "showOutputText": true,
        "horizontal": false
      }
    },
    {
      "id": 12,
      "type": "ImageUpscaleWithModel",
      "pos": [
        2072,
        185
      ],
      "size": {
        "0": 241.79998779296875,
        "1": 46
      },
      "flags": {},
      "order": 73,
      "mode": 0,
      "inputs": [
        {
          "name": "upscale_model",
          "type": "UPSCALE_MODEL",
          "link": 14
        },
        {
          "name": "image",
          "type": "IMAGE",
          "link": 13
        }
      ],
      "outputs": [
        {
          "name": "IMAGE",
          "type": "IMAGE",
          "links": [
            15
          ],
          "slot_index": 0
        }
      ],
      "properties": {
        "Node name for S&R": "ImageUpscaleWithModel"
      }
    },
    {
      "id": 139,
      "type": "Reroute",
      "pos": [
        -973,
        607
      ],
      "size": [
        75,
        26
      ],
      "flags": {},
      "order": 29,
      "mode": 0,
      "inputs": [
        {
          "name": "",
          "type": "*",
          "link": 516
        }
      ],
      "outputs": [
        {
          "name": "VAE",
          "type": "VAE",
          "links": [
            565
          ],
          "slot_index": 0
        }
      ],
      "properties": {
        "showOutputText": true,
        "horizontal": false
      }
    },
    {
      "id": 354,
      "type": "Reroute",
      "pos": [
        -977,
        549
      ],
      "size": [
        82,
        26
      ],
      "flags": {},
      "order": 26,
      "mode": 0,
      "inputs": [
        {
          "name": "",
          "type": "*",
          "link": 918
        }
      ],
      "outputs": [
        {
          "name": "FLOAT",
          "type": "FLOAT",
          "links": [
            919
          ],
          "slot_index": 0
        }
      ],
      "properties": {
        "showOutputText": true,
        "horizontal": false
      }
    },
    {
      "id": 309,
      "type": "CR Seed to Int",
      "pos": [
        -1589,
        381
      ],
      "size": {
        "0": 171.99835205078125,
        "1": 26
      },
      "flags": {
        "collapsed": true
      },
      "order": 19,
      "mode": 0,
      "inputs": [
        {
          "name": "seed",
          "type": "SEED",
          "link": 848
        }
      ],
      "outputs": [
        {
          "name": "INT",
          "type": "INT",
          "links": [
            940
          ],
          "shape": 3,
          "slot_index": 0
        }
      ],
      "properties": {}
    },
    {
      "id": 360,
      "type": "Reroute",
      "pos": [
        -974,
        485
      ],
      "size": [
        75,
        26
      ],
      "flags": {},
      "order": 28,
      "mode": 0,
      "inputs": [
        {
          "name": "",
          "type": "*",
          "link": 940
        }
      ],
      "outputs": [
        {
          "name": "INT",
          "type": "INT",
          "links": [
            942
          ],
          "slot_index": 0
        }
      ],
      "properties": {
        "showOutputText": true,
        "horizontal": false
      }
    },
    {
      "id": 236,
      "type": "Reroute",
      "pos": [
        644,
        203
      ],
      "size": [
        75,
        26
      ],
      "flags": {},
      "order": 51,
      "mode": 0,
      "inputs": [
        {
          "name": "",
          "type": "*",
          "link": 832
        }
      ],
      "outputs": [
        {
          "name": "CLIP",
          "type": "CLIP",
          "links": [
            613
          ],
          "slot_index": 0
        }
      ],
      "properties": {
        "showOutputText": "on",
        "horizontal": false
      }
    },
    {
      "id": 361,
      "type": "Reroute",
      "pos": [
        418,
        488
      ],
      "size": [
        75,
        26
      ],
      "flags": {},
      "order": 35,
      "mode": 0,
      "inputs": [
        {
          "name": "",
          "type": "*",
          "link": 942
        }
      ],
      "outputs": [
        {
          "name": "INT",
          "type": "INT",
          "links": [
            946,
            947
          ],
          "slot_index": 0
        }
      ],
      "properties": {
        "showOutputText": true,
        "horizontal": false
      }
    },
    {
      "id": 27,
      "type": "Reroute",
      "pos": [
        1563,
        610
      ],
      "size": [
        75,
        26
      ],
      "flags": {},
      "order": 42,
      "mode": 0,
      "inputs": [
        {
          "name": "",
          "type": "*",
          "link": 312
        }
      ],
      "outputs": [
        {
          "name": "VAE",
          "type": "VAE",
          "links": [
            65,
            314,
            356
          ],
          "slot_index": 0
        }
      ],
      "properties": {
        "showOutputText": true,
        "horizontal": false
      }
    },
    {
      "id": 92,
      "type": "Note",
      "pos": [
        1333,
        336
      ],
      "size": {
        "0": 210,
        "1": 67.84391021728516
      },
      "flags": {
        "collapsed": true
      },
      "order": 5,
      "mode": 0,
      "properties": {
        "text": ""
      },
      "widgets_values": [
        "switch between TxtImg (1) and Img2Img (2)\n"
      ],
      "color": "#432",
      "bgcolor": "#653"
    },
    {
      "id": 91,
      "type": "Note",
      "pos": [
        -1991,
        -421
      ],
      "size": {
        "0": 476.7488098144531,
        "1": 375.4478454589844
      },
      "flags": {},
      "order": 6,
      "mode": 0,
      "title": "Workbook Details",
      "properties": {
        "text": ""
      },
      "widgets_values": [
        "Comfyroll Workflow Templates\nhttps://https://civitai.com/models/59806\n\nThis template can be used with any model.\n\nOn first use:\n- select models and VAE\n- select a default LoRA in each Load LoRA node\n- select upscale models\n- select ControlNet model\n- add an image in each of the Load Images nodes (purple nodes)\n- save a copy to use as a template\n\nTips:\n- Example noise masks can be found in the Comfyroll Workflow Templates download\n- Notes can be opened by clicking on the dots in the title bars (green nodes)\n- Each optional component can be bypassed using logic switches (red nodes)\n- The default setting for all logic switches is OFF (1) \n\nRequires:\nWAS Custom Nodes\nhttps://civitai.com/models/20793/was-node-suite-comfyui\nComfyroll Custom Nodes\nhttps://civitai.com/models/87609/comfyroll-custom-nodes-for-comfyui\n\nJune 2023\nAkatsuzi\n"
      ],
      "color": "#432",
      "bgcolor": "#653"
    },
    {
      "id": 3,
      "type": "CLIPTextEncode",
      "pos": [
        145,
        -143
      ],
      "size": {
        "0": 400,
        "1": 200
      },
      "flags": {},
      "order": 50,
      "mode": 0,
      "inputs": [
        {
          "name": "clip",
          "type": "CLIP",
          "link": 831
        }
      ],
      "outputs": [
        {
          "name": "CONDITIONING",
          "type": "CONDITIONING",
          "links": [
            843
          ],
          "slot_index": 0
        }
      ],
      "properties": {
        "Node name for S&R": "CLIPTextEncode"
      },
      "widgets_values": [
        "high quality, masterpiece, realistic, \n18yo girl, cyberpunk,"
      ],
      "color": "#222",
      "bgcolor": "#000"
    },
    {
      "id": 21,
      "type": "Reroute",
      "pos": [
        2571,
        608
      ],
      "size": [
        75,
        26
      ],
      "flags": {},
      "order": 53,
      "mode": 0,
      "inputs": [
        {
          "name": "",
          "type": "*",
          "link": 314
        }
      ],
      "outputs": [
        {
          "name": "VAE",
          "type": "VAE",
          "links": [
            57,
            939
          ],
          "slot_index": 0
        }
      ],
      "properties": {
        "showOutputText": true,
        "horizontal": false
      }
    },
    {
      "id": 10,
      "type": "VAEDecodeTiled",
      "pos": [
        1750,
        308
      ],
      "size": {
        "0": 210,
        "1": 46
      },
      "flags": {},
      "order": 70,
      "mode": 0,
      "inputs": [
        {
          "name": "samples",
          "type": "LATENT",
          "link": 952
        },
        {
          "name": "vae",
          "type": "VAE",
          "link": 65
        }
      ],
      "outputs": [
        {
          "name": "IMAGE",
          "type": "IMAGE",
          "links": [
            13
          ]
        }
      ],
      "properties": {
        "Node name for S&R": "VAEDecodeTiled"
      }
    },
    {
      "id": 1,
      "type": "CheckpointLoaderSimple",
      "pos": [
        -1960.4909266976035,
        78.60046918238928
      ],
      "size": {
        "0": 383.0479431152344,
        "1": 109.41549682617188
      },
      "flags": {},
      "order": 7,
      "mode": 0,
      "outputs": [
        {
          "name": "MODEL",
          "type": "MODEL",
          "links": [
            346
          ],
          "slot_index": 0
        },
        {
          "name": "CLIP",
          "type": "CLIP",
          "links": [
            1
          ]
        },
        {
          "name": "VAE",
          "type": "VAE",
          "links": null
        }
      ],
      "properties": {
        "Node name for S&R": "CheckpointLoaderSimple"
      },
      "widgets_values": [
        "ComfyrollAnime_v1_fp16_pruned.safetensors"
      ],
      "color": "#222",
      "bgcolor": "#000"
    },
    {
      "id": 308,
      "type": "Seed",
      "pos": [
        -1958,
        352
      ],
      "size": {
        "0": 315,
        "1": 82
      },
      "flags": {},
      "order": 8,
      "mode": 0,
      "outputs": [
        {
          "name": "SEED",
          "type": "SEED",
          "links": [
            848
          ],
          "shape": 3,
          "slot_index": 0
        }
      ],
      "properties": {},
      "widgets_values": [
        1087605520886925,
        "randomize"
      ],
      "color": "#222",
      "bgcolor": "#000"
    },
    {
      "id": 230,
      "type": "CR Latent Input Switch",
      "pos": [
        3012,
        99
      ],
      "size": {
        "0": 230.4052276611328,
        "1": 78.35568237304688
      },
      "flags": {},
      "order": 76,
      "mode": 0,
      "inputs": [
        {
          "name": "latent1",
          "type": "LATENT",
          "link": 602
        },
        {
          "name": "latent2",
          "type": "LATENT",
          "link": 603
        }
      ],
      "outputs": [
        {
          "name": "LATENT",
          "type": "LATENT",
          "links": [
            604
          ],
          "slot_index": 0
        }
      ],
      "properties": {
        "Node name for S&R": "CR Latent Input Switch"
      },
      "widgets_values": [
        2
      ],
      "color": "#322",
      "bgcolor": "#533"
    },
    {
      "id": 357,
      "type": "CR Integer Multiple",
      "pos": [
        2137,
        310
      ],
      "size": {
        "0": 210,
        "1": 82
      },
      "flags": {
        "collapsed": true
      },
      "order": 54,
      "mode": 0,
      "inputs": [
        {
          "name": "integer",
          "type": "INT",
          "link": 957,
          "widget": {
            "name": "integer",
            "config": [
              "INT",
              {
                "default": 1,
                "min": -18446744073709552000,
                "max": 18446744073709552000
              }
            ]
          }
        },
        {
          "name": "multiple",
          "type": "FLOAT",
          "link": 955,
          "widget": {
            "name": "multiple",
            "config": [
              "FLOAT",
              {
                "default": 8,
                "min": 1,
                "max": 18446744073709552000
              }
            ]
          }
        }
      ],
      "outputs": [
        {
          "name": "INT",
          "type": "INT",
          "links": [
            930
          ],
          "shape": 3,
          "slot_index": 0
        }
      ],
      "properties": {},
      "widgets_values": [
        1,
        8
      ]
    },
    {
      "id": 352,
      "type": "Reroute",
      "pos": [
        1560,
        670
      ],
      "size": [
        75,
        26
      ],
      "flags": {},
      "order": 43,
      "mode": 0,
      "inputs": [
        {
          "name": "",
          "type": "*",
          "link": 915
        }
      ],
      "outputs": [
        {
          "name": "INT",
          "type": "INT",
          "links": [
            957
          ],
          "slot_index": 0
        }
      ],
      "properties": {
        "showOutputText": true,
        "horizontal": false
      }
    },
    {
      "id": 351,
      "type": "Reroute",
      "pos": [
        1560,
        730
      ],
      "size": [
        75,
        26
      ],
      "flags": {},
      "order": 45,
      "mode": 0,
      "inputs": [
        {
          "name": "",
          "type": "*",
          "link": 916
        }
      ],
      "outputs": [
        {
          "name": "INT",
          "type": "INT",
          "links": [
            958
          ],
          "slot_index": 0
        }
      ],
      "properties": {
        "showOutputText": true,
        "horizontal": false
      }
    },
    {
      "id": 358,
      "type": "CR Integer Multiple",
      "pos": [
        2139,
        368
      ],
      "size": {
        "0": 210,
        "1": 82
      },
      "flags": {
        "collapsed": true
      },
      "order": 55,
      "mode": 0,
      "inputs": [
        {
          "name": "integer",
          "type": "INT",
          "link": 958,
          "widget": {
            "name": "integer",
            "config": [
              "INT",
              {
                "default": 1,
                "min": -18446744073709552000,
                "max": 18446744073709552000
              }
            ]
          }
        },
        {
          "name": "multiple",
          "type": "FLOAT",
          "link": 959,
          "widget": {
            "name": "multiple",
            "config": [
              "FLOAT",
              {
                "default": 8,
                "min": 1,
                "max": 18446744073709552000
              }
            ]
          }
        }
      ],
      "outputs": [
        {
          "name": "INT",
          "type": "INT",
          "links": [
            960
          ],
          "shape": 3,
          "slot_index": 0
        }
      ],
      "properties": {},
      "widgets_values": [
        1,
        8
      ]
    },
    {
      "id": 13,
      "type": "ImageScale",
      "pos": [
        2383.7896417404622,
        239.04367700171625
      ],
      "size": {
        "0": 315,
        "1": 130
      },
      "flags": {},
      "order": 74,
      "mode": 0,
      "inputs": [
        {
          "name": "image",
          "type": "IMAGE",
          "link": 15
        },
        {
          "name": "width",
          "type": "INT",
          "link": 930,
          "widget": {
            "name": "width",
            "config": [
              "INT",
              {
                "default": 512,
                "min": 1,
                "max": 8192,
                "step": 1
              }
            ]
          }
        },
        {
          "name": "height",
          "type": "INT",
          "link": 960,
          "widget": {
            "name": "height",
            "config": [
              "INT",
              {
                "default": 512,
                "min": 1,
                "max": 8192,
                "step": 1
              }
            ]
          }
        }
      ],
      "outputs": [
        {
          "name": "IMAGE",
          "type": "IMAGE",
          "links": [
            961
          ],
          "slot_index": 0
        }
      ],
      "properties": {
        "Node name for S&R": "ImageScale"
      },
      "widgets_values": [
        "nearest-exact",
        768,
        1152,
        "center"
      ]
    },
    {
      "id": 341,
      "type": "Reroute",
      "pos": [
        -970,
        670
      ],
      "size": [
        75,
        26
      ],
      "flags": {},
      "order": 23,
      "mode": 0,
      "inputs": [
        {
          "name": "",
          "type": "*",
          "link": 895
        }
      ],
      "outputs": [
        {
          "name": "INT",
          "type": "INT",
          "links": [
            882
          ]
        }
      ],
      "properties": {
        "showOutputText": true,
        "horizontal": false
      }
    },
    {
      "id": 299,
      "type": "Note",
      "pos": [
        -336.46068842012505,
        1081.5949720983497
      ],
      "size": {
        "0": 222.7902374267578,
        "1": 89.3699951171875
      },
      "flags": {
        "collapsed": true
      },
      "order": 9,
      "mode": 0,
      "properties": {
        "text": ""
      },
      "widgets_values": [
        "optional batch\n\nswitch between normal (1) snad inverted (2)\n"
      ],
      "color": "#432",
      "bgcolor": "#653"
    },
    {
      "id": 371,
      "type": "CR Color Tint",
      "pos": [
        4073.8242486628546,
        982.8549934324737
      ],
      "size": {
        "0": 315,
        "1": 82
      },
      "flags": {},
      "order": 91,
      "mode": 0,
      "inputs": [
        {
          "name": "image",
          "type": "IMAGE",
          "link": 976
        }
      ],
      "outputs": [
        {
          "name": "IMAGE",
          "type": "IMAGE",
          "links": [
            977
          ],
          "shape": 3,
          "slot_index": 0
        }
      ],
      "properties": {},
      "widgets_values": [
        1,
        "white"
      ]
    },
    {
      "id": 332,
      "type": "Reroute",
      "pos": [
        4749.865504526663,
        278.80235840061346
      ],
      "size": [
        82,
        26
      ],
      "flags": {},
      "order": 85,
      "mode": 0,
      "inputs": [
        {
          "name": "",
          "type": "*",
          "link": 872
        }
      ],
      "outputs": [
        {
          "name": "IMAGE",
          "type": "IMAGE",
          "links": [
            859
          ]
        }
      ],
      "properties": {
        "showOutputText": true,
        "horizontal": false
      }
    },
    {
      "id": 335,
      "type": "Reroute",
      "pos": [
        4749.865504526663,
        331.80235840061346
      ],
      "size": [
        82,
        26
      ],
      "flags": {},
      "order": 87,
      "mode": 0,
      "inputs": [
        {
          "name": "",
          "type": "*",
          "link": 875
        }
      ],
      "outputs": [
        {
          "name": "IMAGE",
          "type": "IMAGE",
          "links": [
            860
          ]
        }
      ],
      "properties": {
        "showOutputText": true,
        "horizontal": false
      }
    },
    {
      "id": 333,
      "type": "Reroute",
      "pos": [
        4749.865504526663,
        387.80235840061346
      ],
      "size": [
        75,
        26
      ],
      "flags": {},
      "order": 10,
      "mode": 0,
      "inputs": [
        {
          "name": "",
          "type": "*",
          "link": null
        }
      ],
      "outputs": [
        {
          "name": "*",
          "type": "*",
          "links": []
        }
      ],
      "properties": {
        "showOutputText": true,
        "horizontal": false
      }
    },
    {
      "id": 370,
      "type": "Image Blending Mode",
      "pos": [
        4073.8242486628546,
        1112.8549934324737
      ],
      "size": {
        "0": 315,
        "1": 102
      },
      "flags": {},
      "order": 92,
      "mode": 0,
      "inputs": [
        {
          "name": "image_a",
          "type": "IMAGE",
          "link": 978
        },
        {
          "name": "image_b",
          "type": "IMAGE",
          "link": 977
        }
      ],
      "outputs": [
        {
          "name": "IMAGE",
          "type": "IMAGE",
          "links": [
            980
          ],
          "slot_index": 0
        }
      ],
      "properties": {
        "Node name for S&R": "Image Blending Mode"
      },
      "widgets_values": [
        "screen",
        1
      ]
    },
    {
      "id": 8,
      "type": "VAELoader",
      "pos": [
        -1959,
        241
      ],
      "size": {
        "0": 380.9580383300781,
        "1": 58
      },
      "flags": {},
      "order": 11,
      "mode": 0,
      "outputs": [
        {
          "name": "VAE",
          "type": "VAE",
          "links": [
            514
          ],
          "slot_index": 0
        }
      ],
      "properties": {
        "Node name for S&R": "VAELoader"
      },
      "widgets_values": [
        "vae-ft-mse-840000-ema-pruned.safetensors"
      ],
      "color": "#222",
      "bgcolor": "#000"
    },
    {
      "id": 135,
      "type": "Reroute",
      "pos": [
        421,
        607
      ],
      "size": [
        75,
        26
      ],
      "flags": {},
      "order": 36,
      "mode": 0,
      "inputs": [
        {
          "name": "",
          "type": "*",
          "link": 565
        }
      ],
      "outputs": [
        {
          "name": "VAE",
          "type": "VAE",
          "links": [
            311,
            312
          ],
          "slot_index": 0
        }
      ],
      "properties": {
        "showOutputText": true,
        "horizontal": false
      }
    },
    {
      "id": 40,
      "type": "ImageScale",
      "pos": [
        -14.460688420124242,
        906.5949720983497
      ],
      "size": {
        "0": 299.2333984375,
        "1": 130
      },
      "flags": {},
      "order": 39,
      "mode": 0,
      "inputs": [
        {
          "name": "image",
          "type": "IMAGE",
          "link": 971
        },
        {
          "name": "width",
          "type": "INT",
          "link": 901,
          "widget": {
            "name": "width",
            "config": [
              "INT",
              {
                "default": 512,
                "min": 1,
                "max": 8192,
                "step": 1
              }
            ]
          }
        },
        {
          "name": "height",
          "type": "INT",
          "link": 900,
          "widget": {
            "name": "height",
            "config": [
              "INT",
              {
                "default": 512,
                "min": 1,
                "max": 8192,
                "step": 1
              }
            ]
          }
        }
      ],
      "outputs": [
        {
          "name": "IMAGE",
          "type": "IMAGE",
          "links": [
            261,
            986
          ],
          "slot_index": 0
        }
      ],
      "properties": {
        "Node name for S&R": "ImageScale"
      },
      "widgets_values": [
        "nearest-exact",
        512,
        768,
        "center"
      ]
    },
    {
      "id": 325,
      "type": "Note",
      "pos": [
        4163.63685118844,
        525.8023584006135
      ],
      "size": {
        "0": 210,
        "1": 64.32551574707031
      },
      "flags": {
        "collapsed": true
      },
      "order": 12,
      "mode": 0,
      "title": "Input Options",
      "properties": {
        "text": ""
      },
      "widgets_values": [
        "switch between image style OFF (1) and ON (2)"
      ],
      "color": "#432",
      "bgcolor": "#653"
    },
    {
      "id": 369,
      "type": "Image Padding",
      "pos": [
        4073.8242486628546,
        732.8549934324737
      ],
      "size": {
        "0": 315,
        "1": 198
      },
      "flags": {},
      "order": 89,
      "mode": 0,
      "inputs": [
        {
          "name": "image",
          "type": "IMAGE",
          "link": 990
        }
      ],
      "outputs": [
        {
          "name": "IMAGE",
          "type": "IMAGE",
          "links": [
            978,
            981
          ],
          "slot_index": 0
        },
        {
          "name": "IMAGE",
          "type": "IMAGE",
          "links": [
            976
          ],
          "slot_index": 1
        }
      ],
      "properties": {
        "Node name for S&R": "Image Padding"
      },
      "widgets_values": [
        0,
        "false",
        25,
        25,
        25,
        25
      ]
    },
    {
      "id": 320,
      "type": "CR Image Output",
      "pos": [
        5882,
        -384
      ],
      "size": {
        "0": 885.6306762695312,
        "1": 928.5242309570312
      },
      "flags": {},
      "order": 90,
      "mode": 0,
      "inputs": [
        {
          "name": "images",
          "type": "IMAGE",
          "link": 860
        }
      ],
      "title": "2 - Styled Image",
      "properties": {
        "Node name for S&R": "CR Image Output"
      },
      "widgets_values": [
        "Preview",
        "ModularTemplate"
      ],
      "shape": 1
    },
    {
      "id": 336,
      "type": "SaveImage",
      "pos": [
        5882,
        613
      ],
      "size": {
        "0": 882.0217895507812,
        "1": 930.6047973632812
      },
      "flags": {},
      "order": 94,
      "mode": 0,
      "inputs": [
        {
          "name": "images",
          "type": "IMAGE",
          "link": 982
        }
      ],
      "properties": {},
      "widgets_values": [
        "ComfyUI"
      ],
      "color": "#223",
      "bgcolor": "#335"
    },
    {
      "id": 328,
      "type": "Note",
      "pos": [
        5531,
        984
      ],
      "size": {
        "0": 304.02142333984375,
        "1": 126.01512908935547
      },
      "flags": {
        "collapsed": false
      },
      "order": 13,
      "mode": 0,
      "title": "Filename Prefix Examples",
      "properties": {
        "text": ""
      },
      "widgets_values": [
        "%date:d-M-yy%/\n-%CheckpointLoader1.ckpt_name%\n_%Seed.seed%\n\n%date:d-M-yy%/%CheckpointLoader1.ckpt_name%_%Seed.seed%"
      ],
      "color": "#432",
      "bgcolor": "#653"
    },
    {
      "id": 43,
      "type": "ImageInvert",
      "pos": [
        -682,
        991
      ],
      "size": {
        "0": 235.23483276367188,
        "1": 31.74258041381836
      },
      "flags": {},
      "order": 21,
      "mode": 0,
      "inputs": [
        {
          "name": "image",
          "type": "IMAGE",
          "link": 992
        }
      ],
      "outputs": [
        {
          "name": "IMAGE",
          "type": "IMAGE",
          "links": [
            972
          ],
          "slot_index": 0
        }
      ],
      "properties": {
        "Node name for S&R": "ImageInvert"
      }
    },
    {
      "id": 110,
      "type": "PreviewImage",
      "pos": [
        43,
        1158
      ],
      "size": {
        "0": 242.52410888671875,
        "1": 258.44195556640625
      },
      "flags": {},
      "order": 46,
      "mode": 0,
      "inputs": [
        {
          "name": "images",
          "type": "IMAGE",
          "link": 261
        }
      ],
      "properties": {
        "Node name for S&R": "PreviewImage"
      }
    },
    {
      "id": 147,
      "type": "PreviewImage",
      "pos": [
        2190.4061935817085,
        909.8017439901041
      ],
      "size": {
        "0": 391.0422058105469,
        "1": 507.4983825683594
      },
      "flags": {},
      "order": 71,
      "mode": 0,
      "inputs": [
        {
          "name": "images",
          "type": "IMAGE",
          "link": 357
        }
      ],
      "properties": {
        "Node name for S&R": "PreviewImage"
      }
    },
    {
      "id": 311,
      "type": "Reroute",
      "pos": [
        3211,
        493
      ],
      "size": [
        75,
        26
      ],
      "flags": {},
      "order": 52,
      "mode": 0,
      "inputs": [
        {
          "name": "",
          "type": "*",
          "link": 995
        }
      ],
      "outputs": [
        {
          "name": "INT",
          "type": "INT",
          "links": [
            853
          ],
          "slot_index": 0
        }
      ],
      "properties": {
        "showOutputText": true,
        "horizontal": false
      }
    },
    {
      "id": 350,
      "type": "Reroute",
      "pos": [
        1561,
        553
      ],
      "size": [
        82,
        26
      ],
      "flags": {},
      "order": 33,
      "mode": 0,
      "inputs": [
        {
          "name": "",
          "type": "*",
          "link": 919
        }
      ],
      "outputs": [
        {
          "name": "FLOAT",
          "type": "FLOAT",
          "links": [
            934,
            955,
            959
          ],
          "slot_index": 0
        }
      ],
      "properties": {
        "showOutputText": true,
        "horizontal": false
      }
    },
    {
      "id": 362,
      "type": "Reroute",
      "pos": [
        1562,
        491
      ],
      "size": [
        75,
        26
      ],
      "flags": {},
      "order": 41,
      "mode": 0,
      "inputs": [
        {
          "name": "",
          "type": "*",
          "link": 947
        }
      ],
      "outputs": [
        {
          "name": "INT",
          "type": "INT",
          "links": [
            995
          ],
          "slot_index": 0
        }
      ],
      "properties": {
        "showOutputText": true,
        "horizontal": false
      }
    },
    {
      "id": 90,
      "type": "Reroute",
      "pos": [
        3214,
        607
      ],
      "size": [
        75,
        26
      ],
      "flags": {},
      "order": 61,
      "mode": 0,
      "inputs": [
        {
          "name": "",
          "type": "*",
          "link": 939
        }
      ],
      "outputs": [
        {
          "name": "VAE",
          "type": "VAE",
          "links": [
            878
          ],
          "slot_index": 0
        }
      ],
      "properties": {
        "showOutputText": true,
        "horizontal": false
      }
    },
    {
      "id": 338,
      "type": "Reroute",
      "pos": [
        -200,
        671
      ],
      "size": [
        75,
        26
      ],
      "flags": {},
      "order": 31,
      "mode": 0,
      "inputs": [
        {
          "name": "",
          "type": "*",
          "link": 882
        }
      ],
      "outputs": [
        {
          "name": "INT",
          "type": "INT",
          "links": [
            889,
            901
          ],
          "slot_index": 0
        }
      ],
      "properties": {
        "showOutputText": true,
        "horizontal": false
      }
    },
    {
      "id": 339,
      "type": "Reroute",
      "pos": [
        -196,
        732
      ],
      "size": [
        75,
        26
      ],
      "flags": {},
      "order": 32,
      "mode": 0,
      "inputs": [
        {
          "name": "",
          "type": "*",
          "link": 883
        }
      ],
      "outputs": [
        {
          "name": "INT",
          "type": "INT",
          "links": [
            888,
            900
          ],
          "slot_index": 0
        }
      ],
      "properties": {
        "showOutputText": true,
        "horizontal": false
      }
    },
    {
      "id": 39,
      "type": "VAEEncode",
      "pos": [
        675,
        906
      ],
      "size": {
        "0": 210,
        "1": 46
      },
      "flags": {},
      "order": 47,
      "mode": 0,
      "inputs": [
        {
          "name": "pixels",
          "type": "IMAGE",
          "link": 986
        },
        {
          "name": "vae",
          "type": "VAE",
          "link": 311
        }
      ],
      "outputs": [
        {
          "name": "LATENT",
          "type": "LATENT",
          "links": [
            578
          ],
          "slot_index": 0
        }
      ],
      "properties": {
        "Node name for S&R": "VAEEncode"
      }
    },
    {
      "id": 104,
      "type": "ControlNetLoader",
      "pos": [
        -317,
        -363
      ],
      "size": {
        "0": 315,
        "1": 58
      },
      "flags": {},
      "order": 14,
      "mode": 0,
      "outputs": [
        {
          "name": "CONTROL_NET",
          "type": "CONTROL_NET",
          "links": [
            844
          ],
          "slot_index": 0
        }
      ],
      "properties": {
        "Node name for S&R": "ControlNetLoader"
      },
      "widgets_values": [
        "control_v11f1p_sd15_depth_fp16.safetensors"
      ],
      "color": "#222",
      "bgcolor": "#000"
    },
    {
      "id": 83,
      "type": "Reroute",
      "pos": [
        3200,
        -353
      ],
      "size": [
        82,
        26
      ],
      "flags": {},
      "order": 62,
      "mode": 0,
      "inputs": [
        {
          "name": "",
          "type": "*",
          "link": 211
        }
      ],
      "outputs": [
        {
          "name": "MODEL",
          "type": "MODEL",
          "links": [
            983
          ],
          "slot_index": 0
        }
      ],
      "properties": {
        "showOutputText": true,
        "horizontal": false
      }
    },
    {
      "id": 337,
      "type": "Reroute",
      "pos": [
        638,
        154
      ],
      "size": [
        82,
        26
      ],
      "flags": {},
      "order": 48,
      "mode": 0,
      "inputs": [
        {
          "name": "",
          "type": "*",
          "link": 880,
          "slot_index": 0
        }
      ],
      "outputs": [
        {
          "name": "MODEL",
          "type": "MODEL",
          "links": [
            879
          ],
          "slot_index": 0
        }
      ],
      "properties": {
        "showOutputText": true,
        "horizontal": false
      }
    },
    {
      "id": 17,
      "type": "Reroute",
      "pos": [
        1700,
        -279
      ],
      "size": [
        140.8,
        26
      ],
      "flags": {},
      "order": 64,
      "mode": 0,
      "inputs": [
        {
          "name": "",
          "type": "*",
          "link": 842
        }
      ],
      "outputs": [
        {
          "name": "CONDITIONING",
          "type": "CONDITIONING",
          "links": [
            836
          ],
          "slot_index": 0
        }
      ],
      "properties": {
        "showOutputText": true,
        "horizontal": false
      }
    },
    {
      "id": 82,
      "type": "Reroute",
      "pos": [
        1702,
        -353
      ],
      "size": [
        82,
        26
      ],
      "flags": {},
      "order": 57,
      "mode": 0,
      "inputs": [
        {
          "name": "",
          "type": "*",
          "link": 879
        }
      ],
      "outputs": [
        {
          "name": "MODEL",
          "type": "MODEL",
          "links": [
            211,
            881
          ],
          "slot_index": 0
        }
      ],
      "properties": {
        "showOutputText": true,
        "horizontal": false
      }
    },
    {
      "id": 242,
      "type": "Reroute",
      "pos": [
        3150,
        -207
      ],
      "size": [
        140.8,
        26
      ],
      "flags": {},
      "order": 63,
      "mode": 0,
      "inputs": [
        {
          "name": "",
          "type": "*",
          "link": 838
        }
      ],
      "outputs": [
        {
          "name": "CONDITIONING",
          "type": "CONDITIONING",
          "links": [
            810
          ],
          "slot_index": 0
        }
      ],
      "properties": {
        "showOutputText": true,
        "horizontal": false
      }
    },
    {
      "id": 249,
      "type": "Reroute",
      "pos": [
        3147,
        -280
      ],
      "size": [
        140.8,
        26
      ],
      "flags": {},
      "order": 67,
      "mode": 0,
      "inputs": [
        {
          "name": "",
          "type": "*",
          "link": 836
        }
      ],
      "outputs": [
        {
          "name": "CONDITIONING",
          "type": "CONDITIONING",
          "links": [
            984
          ],
          "slot_index": 0
        }
      ],
      "properties": {
        "showOutputText": true,
        "horizontal": false
      }
    },
    {
      "id": 19,
      "type": "Reroute",
      "pos": [
        1707,
        -207
      ],
      "size": [
        140.8,
        26
      ],
      "flags": {},
      "order": 58,
      "mode": 0,
      "inputs": [
        {
          "name": "",
          "type": "*",
          "link": 33
        }
      ],
      "outputs": [
        {
          "name": "CONDITIONING",
          "type": "CONDITIONING",
          "links": [
            838
          ],
          "slot_index": 0
        }
      ],
      "properties": {
        "showOutputText": true,
        "horizontal": false
      }
    },
    {
      "id": 234,
      "type": "Reroute",
      "pos": [
        1708,
        -138
      ],
      "size": [
        75,
        26
      ],
      "flags": {},
      "order": 60,
      "mode": 0,
      "inputs": [
        {
          "name": "",
          "type": "*",
          "link": 613
        }
      ],
      "outputs": [
        {
          "name": "CLIP",
          "type": "CLIP",
          "links": [
            837
          ],
          "slot_index": 0
        }
      ],
      "properties": {
        "showOutputText": true,
        "horizontal": false
      }
    },
    {
      "id": 37,
      "type": "LoadImage",
      "pos": [
        -978.5571798600507,
        908.7679377096458
      ],
      "size": {
        "0": 221.99734497070312,
        "1": 314
      },
      "flags": {},
      "order": 15,
      "mode": 0,
      "outputs": [
        {
          "name": "IMAGE",
          "type": "IMAGE",
          "links": [
            992,
            993,
            996
          ],
          "slot_index": 0
        },
        {
          "name": "MASK",
          "type": "MASK",
          "links": [],
          "slot_index": 1
        }
      ],
      "properties": {
        "Node name for S&R": "LoadImage"
      },
      "widgets_values": [
        "HALFTONE INTERLOCKS.jpg",
        "image"
      ],
      "color": "#323",
      "bgcolor": "#535"
    },
    {
      "id": 262,
      "type": "ImageScale",
      "pos": [
        -427,
        -78
      ],
      "size": {
        "0": 315,
        "1": 130
      },
      "flags": {},
      "order": 25,
      "mode": 0,
      "inputs": [
        {
          "name": "image",
          "type": "IMAGE",
          "link": 650
        },
        {
          "name": "width",
          "type": "INT",
          "link": 997,
          "widget": {
            "name": "width",
            "config": [
              "INT",
              {
                "default": 512,
                "min": 1,
                "max": 8192,
                "step": 1
              }
            ]
          }
        },
        {
          "name": "height",
          "type": "INT",
          "link": 998,
          "widget": {
            "name": "height",
            "config": [
              "INT",
              {
                "default": 512,
                "min": 1,
                "max": 8192,
                "step": 1
              }
            ]
          }
        }
      ],
      "outputs": [
        {
          "name": "IMAGE",
          "type": "IMAGE",
          "links": [
            991
          ],
          "slot_index": 0
        }
      ],
      "properties": {
        "Node name for S&R": "ImageScale"
      },
      "widgets_values": [
        "nearest-exact",
        768,
        432,
        "center"
      ]
    },
    {
      "id": 359,
      "type": "Latent Upscale by Factor (WAS)",
      "pos": [
        2384,
        18
      ],
      "size": {
        "0": 315,
        "1": 106
      },
      "flags": {},
      "order": 69,
      "mode": 0,
      "inputs": [
        {
          "name": "samples",
          "type": "LATENT",
          "link": 951
        },
        {
          "name": "factor",
          "type": "FLOAT",
          "link": 934,
          "widget": {
            "name": "factor",
            "config": [
              "FLOAT",
              {
                "default": 2,
                "min": 0.1,
                "max": 8,
                "step": 0.01
              }
            ]
          }
        }
      ],
      "outputs": [
        {
          "name": "LATENT",
          "type": "LATENT",
          "links": [
            936
          ],
          "shape": 3,
          "slot_index": 0
        }
      ],
      "properties": {},
      "widgets_values": [
        "area",
        1.5,
        "true"
      ]
    },
    {
      "id": 307,
      "type": "CR Apply ControlNet",
      "pos": [
        767,
        -116
      ],
      "size": {
        "0": 317.4000244140625,
        "1": 122
      },
      "flags": {},
      "order": 59,
      "mode": 0,
      "inputs": [
        {
          "name": "conditioning",
          "type": "CONDITIONING",
          "link": 843
        },
        {
          "name": "control_net",
          "type": "CONTROL_NET",
          "link": 844
        },
        {
          "name": "image",
          "type": "IMAGE",
          "link": 991
        }
      ],
      "outputs": [
        {
          "name": "CONDITIONING",
          "type": "CONDITIONING",
          "links": [
            842,
            847
          ],
          "shape": 3,
          "slot_index": 0
        }
      ],
      "properties": {},
      "widgets_values": [
        "On",
        0.5
      ]
    },
    {
      "id": 305,
      "type": "CR Load LoRA",
      "pos": [
        -1011,
        234
      ],
      "size": {
        "0": 315,
        "1": 150
      },
      "flags": {},
      "order": 34,
      "mode": 0,
      "inputs": [
        {
          "name": "model",
          "type": "MODEL",
          "link": 833
        },
        {
          "name": "clip",
          "type": "CLIP",
          "link": 834
        }
      ],
      "outputs": [
        {
          "name": "MODEL",
          "type": "MODEL",
          "links": [
            827
          ],
          "shape": 3,
          "slot_index": 0
        },
        {
          "name": "CLIP",
          "type": "CLIP",
          "links": [
            828
          ],
          "shape": 3,
          "slot_index": 1
        }
      ],
      "title": "CR Load LoRA 2",
      "properties": {},
      "widgets_values": [
        "On",
        "add_detail.safetensors",
        0.5,
        0.5
      ],
      "color": "#222",
      "bgcolor": "#000"
    },
    {
      "id": 304,
      "type": "CR Load LoRA",
      "pos": [
        -642,
        233
      ],
      "size": {
        "0": 315,
        "1": 150
      },
      "flags": {},
      "order": 40,
      "mode": 0,
      "inputs": [
        {
          "name": "model",
          "type": "MODEL",
          "link": 827
        },
        {
          "name": "clip",
          "type": "CLIP",
          "link": 828
        }
      ],
      "outputs": [
        {
          "name": "MODEL",
          "type": "MODEL",
          "links": [
            880
          ],
          "shape": 3,
          "slot_index": 0
        },
        {
          "name": "CLIP",
          "type": "CLIP",
          "links": [
            830,
            831,
            832
          ],
          "shape": 3,
          "slot_index": 1
        }
      ],
      "title": "CR Load LoRA 2",
      "properties": {},
      "widgets_values": [
        "On",
        "Cyberpunk-000010.safetensors",
        0.5,
        0.5
      ],
      "color": "#222",
      "bgcolor": "#000"
    },
    {
      "id": 15,
      "type": "KSampler",
      "pos": [
        3486,
        54
      ],
      "size": {
        "0": 315,
        "1": 262
      },
      "flags": {},
      "order": 77,
      "mode": 0,
      "inputs": [
        {
          "name": "model",
          "type": "MODEL",
          "link": 983
        },
        {
          "name": "positive",
          "type": "CONDITIONING",
          "link": 984
        },
        {
          "name": "negative",
          "type": "CONDITIONING",
          "link": 810
        },
        {
          "name": "latent_image",
          "type": "LATENT",
          "link": 604
        },
        {
          "name": "seed",
          "type": "INT",
          "link": 853,
          "widget": {
            "name": "seed",
            "config": [
              "INT",
              {
                "default": 0,
                "min": 0,
                "max": 18446744073709552000
              }
            ]
          },
          "slot_index": 4
        }
      ],
      "outputs": [
        {
          "name": "LATENT",
          "type": "LATENT",
          "links": [
            953
          ],
          "slot_index": 0
        }
      ],
      "properties": {
        "Node name for S&R": "KSampler"
      },
      "widgets_values": [
        606512166467765,
        "randomize",
        16,
        7,
        "dpmpp_2m",
        "karras",
        0.5
      ],
      "color": "#222",
      "bgcolor": "#000"
    },
    {
      "id": 323,
      "type": "Image Style Filter",
      "pos": [
        4158.310037423801,
        299.2863621061403
      ],
      "size": {
        "0": 314.8222351074219,
        "1": 58
      },
      "flags": {},
      "order": 84,
      "mode": 0,
      "inputs": [
        {
          "name": "image",
          "type": "IMAGE",
          "link": 864
        }
      ],
      "outputs": [
        {
          "name": "IMAGE",
          "type": "IMAGE",
          "links": [
            866,
            875
          ],
          "shape": 3,
          "slot_index": 0
        }
      ],
      "properties": {
        "Node name for S&R": "Image Style Filter"
      },
      "widgets_values": [
        "mayfair"
      ]
    },
    {
      "id": 324,
      "type": "CR Image Input Switch",
      "pos": [
        4163.310037423801,
        399.28636210614195
      ],
      "size": {
        "0": 314.822265625,
        "1": 78
      },
      "flags": {},
      "order": 86,
      "mode": 0,
      "inputs": [
        {
          "name": "image1",
          "type": "IMAGE",
          "link": 865
        },
        {
          "name": "image2",
          "type": "IMAGE",
          "link": 866
        }
      ],
      "outputs": [
        {
          "name": "IMAGE",
          "type": "IMAGE",
          "links": [
            990
          ],
          "shape": 3,
          "slot_index": 0
        }
      ],
      "title": "Ouput Switch 1",
      "properties": {
        "Node name for S&R": "CR Image Input Switch"
      },
      "widgets_values": [
        2
      ],
      "color": "#322",
      "bgcolor": "#533"
    },
    {
      "id": 321,
      "type": "CR Image Input Switch (4 way)",
      "pos": [
        4359.827243078392,
        -57.1317073778761
      ],
      "size": {
        "0": 315,
        "1": 118
      },
      "flags": {},
      "order": 81,
      "mode": 0,
      "inputs": [
        {
          "name": "image1",
          "type": "IMAGE",
          "link": 861
        },
        {
          "name": "image2",
          "type": "IMAGE",
          "link": 862
        },
        {
          "name": "image3",
          "type": "IMAGE",
          "link": 863
        },
        {
          "name": "image4",
          "type": "IMAGE",
          "link": null
        }
      ],
      "outputs": [
        {
          "name": "IMAGE",
          "type": "IMAGE",
          "links": [
            870
          ],
          "shape": 3,
          "slot_index": 0
        }
      ],
      "properties": {
        "Node name for S&R": "CR Image Input Switch (4 way)"
      },
      "widgets_values": [
        2
      ],
      "color": "#322",
      "bgcolor": "#533"
    },
    {
      "id": 306,
      "type": "CR Aspect Ratio",
      "pos": [
        -1959,
        484
      ],
      "size": {
        "0": 315,
        "1": 238
      },
      "flags": {},
      "order": 16,
      "mode": 0,
      "outputs": [
        {
          "name": "INT",
          "type": "INT",
          "links": [
            895,
            997
          ],
          "shape": 3,
          "slot_index": 0
        },
        {
          "name": "INT",
          "type": "INT",
          "links": [
            896,
            998
          ],
          "shape": 3,
          "slot_index": 1
        },
        {
          "name": "FLOAT",
          "type": "FLOAT",
          "links": [
            918
          ],
          "shape": 3,
          "slot_index": 2
        },
        {
          "name": "FLOAT",
          "type": "FLOAT",
          "links": null,
          "shape": 3
        }
      ],
      "properties": {},
      "widgets_values": [
        512,
        768,
        "2:3 portrait 512x768",
        "Off",
        1.5,
        1
      ],
      "color": "#222",
      "bgcolor": "#000"
    },
    {
      "id": 367,
      "type": "CR Color Tint",
      "pos": [
        -676,
        1083
      ],
      "size": {
        "0": 231.6181640625,
        "1": 82
      },
      "flags": {},
      "order": 22,
      "mode": 0,
      "inputs": [
        {
          "name": "image",
          "type": "IMAGE",
          "link": 996
        }
      ],
      "outputs": [
        {
          "name": "IMAGE",
          "type": "IMAGE",
          "links": [
            974
          ],
          "shape": 3,
          "slot_index": 0
        }
      ],
      "properties": {},
      "widgets_values": [
        1,
        "lime"
      ]
    },
    {
      "id": 368,
      "type": "CR Image Input Switch (4 way)",
      "pos": [
        -336.46068842012505,
        907.5949720983497
      ],
      "size": {
        "0": 257.0962829589844,
        "1": 118
      },
      "flags": {},
      "order": 30,
      "mode": 0,
      "inputs": [
        {
          "name": "image1",
          "type": "IMAGE",
          "link": 993
        },
        {
          "name": "image2",
          "type": "IMAGE",
          "link": 972
        },
        {
          "name": "image3",
          "type": "IMAGE",
          "link": 974
        },
        {
          "name": "image4",
          "type": "IMAGE",
          "link": null
        }
      ],
      "outputs": [
        {
          "name": "IMAGE",
          "type": "IMAGE",
          "links": [
            971
          ],
          "shape": 3,
          "slot_index": 0
        }
      ],
      "properties": {},
      "widgets_values": [
        3
      ],
      "color": "#322",
      "bgcolor": "#533"
    },
    {
      "id": 5,
      "type": "KSampler",
      "pos": [
        1267,
        -59
      ],
      "size": {
        "0": 315,
        "1": 262
      },
      "flags": {},
      "order": 65,
      "mode": 0,
      "inputs": [
        {
          "name": "model",
          "type": "MODEL",
          "link": 881
        },
        {
          "name": "positive",
          "type": "CONDITIONING",
          "link": 847
        },
        {
          "name": "negative",
          "type": "CONDITIONING",
          "link": 246
        },
        {
          "name": "latent_image",
          "type": "LATENT",
          "link": 576
        },
        {
          "name": "seed",
          "type": "INT",
          "link": 946,
          "widget": {
            "name": "seed",
            "config": [
              "INT",
              {
                "default": 0,
                "min": 0,
                "max": 18446744073709552000
              }
            ]
          },
          "slot_index": 4
        }
      ],
      "outputs": [
        {
          "name": "LATENT",
          "type": "LATENT",
          "links": [
            358,
            951,
            952
          ],
          "slot_index": 0
        }
      ],
      "properties": {
        "Node name for S&R": "KSampler"
      },
      "widgets_values": [
        1098530701401142,
        "randomize",
        16,
        8,
        "dpmpp_2m",
        "karras",
        0.95
      ],
      "color": "#222",
      "bgcolor": "#000"
    },
    {
      "id": 372,
      "type": "CR Image Input Switch",
      "pos": [
        4500,
        733
      ],
      "size": {
        "0": 210,
        "1": 87.08599853515625
      },
      "flags": {},
      "order": 93,
      "mode": 0,
      "inputs": [
        {
          "name": "image1",
          "type": "IMAGE",
          "link": 981
        },
        {
          "name": "image2",
          "type": "IMAGE",
          "link": 980
        }
      ],
      "outputs": [
        {
          "name": "IMAGE",
          "type": "IMAGE",
          "links": [
            982
          ],
          "shape": 3,
          "slot_index": 0
        }
      ],
      "properties": {},
      "widgets_values": [
        2
      ],
      "color": "#322",
      "bgcolor": "#533"
    },
    {
      "id": 318,
      "type": "CR Image Output",
      "pos": [
        4972,
        -383
      ],
      "size": {
        "0": 884.315673828125,
        "1": 931.6747436523438
      },
      "flags": {},
      "order": 88,
      "mode": 0,
      "inputs": [
        {
          "name": "images",
          "type": "IMAGE",
          "link": 859
        }
      ],
      "title": "1- Default Image",
      "properties": {
        "Node name for S&R": "CR Image Output"
      },
      "widgets_values": [
        "Preview",
        "ModularTemplate"
      ],
      "shape": 1
    }
  ],
  "links": [
    [
      1,
      1,
      1,
      2,
      0,
      "CLIP"
    ],
    [
      13,
      10,
      0,
      12,
      1,
      "IMAGE"
    ],
    [
      14,
      11,
      0,
      12,
      0,
      "UPSCALE_MODEL"
    ],
    [
      15,
      12,
      0,
      13,
      0,
      "IMAGE"
    ],
    [
      33,
      4,
      0,
      19,
      0,
      "*"
    ],
    [
      57,
      21,
      0,
      14,
      1,
      "VAE"
    ],
    [
      65,
      27,
      0,
      10,
      1,
      "VAE"
    ],
    [
      211,
      82,
      0,
      83,
      0,
      "*"
    ],
    [
      246,
      4,
      0,
      5,
      2,
      "CONDITIONING"
    ],
    [
      261,
      40,
      0,
      110,
      0,
      "IMAGE"
    ],
    [
      311,
      135,
      0,
      39,
      1,
      "VAE"
    ],
    [
      312,
      135,
      0,
      27,
      0,
      "*"
    ],
    [
      314,
      27,
      0,
      21,
      0,
      "*"
    ],
    [
      343,
      2,
      0,
      145,
      0,
      "*"
    ],
    [
      346,
      1,
      0,
      144,
      0,
      "*"
    ],
    [
      356,
      27,
      0,
      148,
      1,
      "VAE"
    ],
    [
      357,
      148,
      0,
      147,
      0,
      "IMAGE"
    ],
    [
      358,
      5,
      0,
      148,
      0,
      "LATENT"
    ],
    [
      514,
      8,
      0,
      203,
      0,
      "*"
    ],
    [
      516,
      203,
      0,
      139,
      0,
      "*"
    ],
    [
      565,
      139,
      0,
      135,
      0,
      "*"
    ],
    [
      576,
      223,
      0,
      5,
      3,
      "LATENT"
    ],
    [
      578,
      39,
      0,
      223,
      1,
      "LATENT"
    ],
    [
      579,
      6,
      0,
      223,
      0,
      "LATENT"
    ],
    [
      602,
      204,
      0,
      230,
      0,
      "LATENT"
    ],
    [
      603,
      14,
      0,
      230,
      1,
      "LATENT"
    ],
    [
      604,
      230,
      0,
      15,
      3,
      "LATENT"
    ],
    [
      613,
      236,
      0,
      234,
      0,
      "*"
    ],
    [
      650,
      105,
      0,
      262,
      0,
      "IMAGE"
    ],
    [
      810,
      242,
      0,
      15,
      2,
      "CONDITIONING"
    ],
    [
      827,
      305,
      0,
      304,
      0,
      "MODEL"
    ],
    [
      828,
      305,
      1,
      304,
      1,
      "CLIP"
    ],
    [
      830,
      304,
      1,
      4,
      0,
      "CLIP"
    ],
    [
      831,
      304,
      1,
      3,
      0,
      "CLIP"
    ],
    [
      832,
      304,
      1,
      236,
      0,
      "*"
    ],
    [
      833,
      144,
      0,
      305,
      0,
      "MODEL"
    ],
    [
      834,
      145,
      0,
      305,
      1,
      "CLIP"
    ],
    [
      836,
      17,
      0,
      249,
      0,
      "*"
    ],
    [
      837,
      234,
      0,
      289,
      0,
      "*"
    ],
    [
      838,
      19,
      0,
      242,
      0,
      "*"
    ],
    [
      842,
      307,
      0,
      17,
      0,
      "*"
    ],
    [
      843,
      3,
      0,
      307,
      0,
      "CONDITIONING"
    ],
    [
      844,
      104,
      0,
      307,
      1,
      "CONTROL_NET"
    ],
    [
      847,
      307,
      0,
      5,
      1,
      "CONDITIONING"
    ],
    [
      848,
      308,
      0,
      309,
      0,
      "SEED"
    ],
    [
      853,
      311,
      0,
      15,
      4,
      "INT"
    ],
    [
      854,
      314,
      0,
      313,
      0,
      "UPSCALE_MODEL"
    ],
    [
      855,
      312,
      0,
      313,
      1,
      "IMAGE"
    ],
    [
      858,
      313,
      0,
      317,
      0,
      "IMAGE"
    ],
    [
      859,
      332,
      0,
      318,
      0,
      "IMAGE"
    ],
    [
      860,
      335,
      0,
      320,
      0,
      "IMAGE"
    ],
    [
      861,
      312,
      0,
      321,
      0,
      "IMAGE"
    ],
    [
      862,
      313,
      0,
      321,
      1,
      "IMAGE"
    ],
    [
      863,
      317,
      0,
      321,
      2,
      "IMAGE"
    ],
    [
      864,
      331,
      0,
      323,
      0,
      "IMAGE"
    ],
    [
      865,
      331,
      0,
      324,
      0,
      "IMAGE"
    ],
    [
      866,
      323,
      0,
      324,
      1,
      "IMAGE"
    ],
    [
      870,
      321,
      0,
      330,
      0,
      "*"
    ],
    [
      871,
      330,
      0,
      331,
      0,
      "*"
    ],
    [
      872,
      331,
      0,
      332,
      0,
      "*"
    ],
    [
      875,
      323,
      0,
      335,
      0,
      "*"
    ],
    [
      878,
      90,
      0,
      312,
      1,
      "VAE"
    ],
    [
      879,
      337,
      0,
      82,
      0,
      "*"
    ],
    [
      880,
      304,
      0,
      337,
      0,
      "*"
    ],
    [
      881,
      82,
      0,
      5,
      0,
      "MODEL"
    ],
    [
      882,
      341,
      0,
      338,
      0,
      "*"
    ],
    [
      883,
      340,
      0,
      339,
      0,
      "*"
    ],
    [
      888,
      339,
      0,
      344,
      0,
      "*"
    ],
    [
      889,
      338,
      0,
      345,
      0,
      "*"
    ],
    [
      893,
      345,
      0,
      6,
      0,
      "INT"
    ],
    [
      894,
      344,
      0,
      6,
      1,
      "INT"
    ],
    [
      895,
      306,
      0,
      341,
      0,
      "*"
    ],
    [
      896,
      306,
      1,
      340,
      0,
      "*"
    ],
    [
      900,
      339,
      0,
      40,
      2,
      "INT"
    ],
    [
      901,
      338,
      0,
      40,
      1,
      "INT"
    ],
    [
      915,
      345,
      0,
      352,
      0,
      "*"
    ],
    [
      916,
      344,
      0,
      351,
      0,
      "*"
    ],
    [
      918,
      306,
      2,
      354,
      0,
      "*"
    ],
    [
      919,
      354,
      0,
      350,
      0,
      "*"
    ],
    [
      930,
      357,
      0,
      13,
      1,
      "INT"
    ],
    [
      934,
      350,
      0,
      359,
      1,
      "FLOAT"
    ],
    [
      936,
      359,
      0,
      204,
      0,
      "*"
    ],
    [
      939,
      21,
      0,
      90,
      0,
      "*"
    ],
    [
      940,
      309,
      0,
      360,
      0,
      "*"
    ],
    [
      942,
      360,
      0,
      361,
      0,
      "*"
    ],
    [
      946,
      361,
      0,
      5,
      4,
      "INT"
    ],
    [
      947,
      361,
      0,
      362,
      0,
      "*"
    ],
    [
      951,
      5,
      0,
      359,
      0,
      "LATENT"
    ],
    [
      952,
      5,
      0,
      10,
      0,
      "LATENT"
    ],
    [
      953,
      15,
      0,
      312,
      0,
      "LATENT"
    ],
    [
      955,
      350,
      0,
      357,
      1,
      "FLOAT"
    ],
    [
      957,
      352,
      0,
      357,
      0,
      "INT"
    ],
    [
      958,
      351,
      0,
      358,
      0,
      "INT"
    ],
    [
      959,
      350,
      0,
      358,
      1,
      "FLOAT"
    ],
    [
      960,
      358,
      0,
      13,
      2,
      "INT"
    ],
    [
      961,
      13,
      0,
      14,
      0,
      "IMAGE"
    ],
    [
      971,
      368,
      0,
      40,
      0,
      "IMAGE"
    ],
    [
      972,
      43,
      0,
      368,
      1,
      "IMAGE"
    ],
    [
      974,
      367,
      0,
      368,
      2,
      "IMAGE"
    ],
    [
      976,
      369,
      1,
      371,
      0,
      "IMAGE"
    ],
    [
      977,
      371,
      0,
      370,
      1,
      "IMAGE"
    ],
    [
      978,
      369,
      0,
      370,
      0,
      "IMAGE"
    ],
    [
      980,
      370,
      0,
      372,
      1,
      "IMAGE"
    ],
    [
      981,
      369,
      0,
      372,
      0,
      "IMAGE"
    ],
    [
      982,
      372,
      0,
      336,
      0,
      "IMAGE"
    ],
    [
      983,
      83,
      0,
      15,
      0,
      "MODEL"
    ],
    [
      984,
      249,
      0,
      15,
      1,
      "CONDITIONING"
    ],
    [
      986,
      40,
      0,
      39,
      0,
      "IMAGE"
    ],
    [
      990,
      324,
      0,
      369,
      0,
      "IMAGE"
    ],
    [
      991,
      262,
      0,
      307,
      2,
      "IMAGE"
    ],
    [
      992,
      37,
      0,
      43,
      0,
      "IMAGE"
    ],
    [
      993,
      37,
      0,
      368,
      0,
      "IMAGE"
    ],
    [
      995,
      362,
      0,
      311,
      0,
      "*"
    ],
    [
      996,
      37,
      0,
      367,
      0,
      "IMAGE"
    ],
    [
      997,
      306,
      0,
      262,
      1,
      "INT"
    ],
    [
      998,
      306,
      1,
      262,
      2,
      "INT"
    ]
  ],
  "groups": [
    {
      "title": "Img2Img Noise Mask",
      "bounding": [
        -1026,
        807,
        1353,
        661
      ],
      "color": "#3f789e"
    },
    {
      "title": "Hires Fix",
      "bounding": [
        1708,
        -69,
        1579,
        495
      ],
      "color": "#3f789e"
    },
    {
      "title": "Image Style",
      "bounding": [
        3929,
        205,
        958,
        367
      ],
      "color": "#3f789e"
    },
    {
      "title": "Prompt",
      "bounding": [
        116,
        -224,
        459,
        576
      ],
      "color": "#3f789e"
    },
    {
      "title": "ControlNet 1",
      "bounding": [
        -1055,
        -453,
        1105,
        568
      ],
      "color": "#3f789e"
    },
    {
      "title": "Model and VAE",
      "bounding": [
        -1991,
        -18,
        898,
        774
      ],
      "color": "#3f789e"
    },
    {
      "title": "LoRAs 1 and 2",
      "bounding": [
        -1054,
        143,
        780,
        280
      ],
      "color": "#3f789e"
    },
    {
      "title": "Txt2Img or Img2Img",
      "bounding": [
        644,
        255,
        934,
        202
      ],
      "color": "#3f789e"
    },
    {
      "title": "Preview",
      "bounding": [
        1917,
        818,
        710,
        645
      ],
      "color": "#3f789e"
    },
    {
      "title": "Comfyroll Intermediate Template v2",
      "bounding": [
        -2028,
        -532,
        8873,
        2155
      ],
      "color": "#3f789e"
    },
    {
      "title": "Group",
      "bounding": [
        3927,
        -429,
        956,
        592
      ],
      "color": "#3f789e"
    },
    {
      "title": "Image Border",
      "bounding": [
        3928,
        614,
        962,
        629
      ],
      "color": "#3f789e"
    }
  ],
  "config": {},
  "extra": {},
  "version": 0.4
}