{
  "last_node_id": 384,
  "last_link_id": 1072,
  "nodes": [
    {
      "id": 6,
      "type": "EmptyLatentImage",
      "pos": [
        734.5187534360593,
        336.6945656973676
      ],
      "size": {
        "0": 315,
        "1": 106
      },
      "flags": {},
      "order": 15,
      "mode": 0,
      "inputs": [
        {
          "name": "width",
          "type": "INT",
          "link": 1068,
          "widget": {
            "name": "width",
            "config": [
              "INT",
              {
                "default": 512,
                "min": 64,
                "max": 8192,
                "step": 8
              }
            ]
          }
        },
        {
          "name": "height",
          "type": "INT",
          "link": 1069,
          "widget": {
            "name": "height",
            "config": [
              "INT",
              {
                "default": 512,
                "min": 64,
                "max": 8192,
                "step": 8
              }
            ]
          }
        }
      ],
      "outputs": [
        {
          "name": "LATENT",
          "type": "LATENT",
          "links": [
            579
          ],
          "slot_index": 0
        }
      ],
      "properties": {
        "Node name for S&R": "EmptyLatentImage"
      },
      "widgets_values": [
        512,
        768,
        1
      ]
    },
    {
      "id": 223,
      "type": "CR Latent Input Switch",
      "pos": [
        1112.6131813982486,
        336.2024512109558
      ],
      "size": {
        "0": 235.7200164794922,
        "1": 87.84602355957031
      },
      "flags": {},
      "order": 27,
      "mode": 0,
      "inputs": [
        {
          "name": "latent1",
          "type": "LATENT",
          "link": 579
        },
        {
          "name": "latent2",
          "type": "LATENT",
          "link": 578
        }
      ],
      "outputs": [
        {
          "name": "LATENT",
          "type": "LATENT",
          "links": [
            576
          ],
          "slot_index": 0
        }
      ],
      "properties": {
        "Node name for S&R": "CR Latent Input Switch"
      },
      "widgets_values": [
        2
      ],
      "color": "#322",
      "bgcolor": "#533"
    },
    {
      "id": 308,
      "type": "Seed",
      "pos": [
        -223.25413454191977,
        195.70654823547733
      ],
      "size": {
        "0": 315,
        "1": 82
      },
      "flags": {},
      "order": 0,
      "mode": 0,
      "outputs": [
        {
          "name": "SEED",
          "type": "SEED",
          "links": [
            848
          ],
          "shape": 3,
          "slot_index": 0
        }
      ],
      "properties": {},
      "widgets_values": [
        424836333913686,
        "randomize"
      ],
      "color": "#222",
      "bgcolor": "#000"
    },
    {
      "id": 371,
      "type": "CR Color Tint",
      "pos": [
        2400.7616318264922,
        870.1048180598007
      ],
      "size": {
        "0": 315,
        "1": 82
      },
      "flags": {},
      "order": 40,
      "mode": 0,
      "inputs": [
        {
          "name": "image",
          "type": "IMAGE",
          "link": 976
        }
      ],
      "outputs": [
        {
          "name": "IMAGE",
          "type": "IMAGE",
          "links": [
            977
          ],
          "shape": 3,
          "slot_index": 0
        }
      ],
      "properties": {},
      "widgets_values": [
        1,
        "white"
      ]
    },
    {
      "id": 370,
      "type": "Image Blending Mode",
      "pos": [
        2400.7616318264922,
        1000.1048180598002
      ],
      "size": {
        "0": 315,
        "1": 102
      },
      "flags": {},
      "order": 41,
      "mode": 0,
      "inputs": [
        {
          "name": "image_a",
          "type": "IMAGE",
          "link": 978
        },
        {
          "name": "image_b",
          "type": "IMAGE",
          "link": 977
        }
      ],
      "outputs": [
        {
          "name": "IMAGE",
          "type": "IMAGE",
          "links": [
            980
          ],
          "slot_index": 0
        }
      ],
      "properties": {
        "Node name for S&R": "Image Blending Mode"
      },
      "widgets_values": [
        "screen",
        1
      ]
    },
    {
      "id": 8,
      "type": "VAELoader",
      "pos": [
        -224.25413454191977,
        84.70654823547694
      ],
      "size": {
        "0": 380.9580383300781,
        "1": 58
      },
      "flags": {},
      "order": 1,
      "mode": 0,
      "outputs": [
        {
          "name": "VAE",
          "type": "VAE",
          "links": [
            999
          ],
          "slot_index": 0
        }
      ],
      "properties": {
        "Node name for S&R": "VAELoader"
      },
      "widgets_values": [
        "vae-ft-mse-840000-ema-pruned.safetensors"
      ],
      "color": "#222",
      "bgcolor": "#000"
    },
    {
      "id": 369,
      "type": "Image Padding",
      "pos": [
        2400.7616318264922,
        620.1048180598007
      ],
      "size": {
        "0": 315,
        "1": 198
      },
      "flags": {},
      "order": 39,
      "mode": 0,
      "inputs": [
        {
          "name": "image",
          "type": "IMAGE",
          "link": 990
        }
      ],
      "outputs": [
        {
          "name": "IMAGE",
          "type": "IMAGE",
          "links": [
            978,
            981
          ],
          "slot_index": 0
        },
        {
          "name": "IMAGE",
          "type": "IMAGE",
          "links": [
            976
          ],
          "slot_index": 1
        }
      ],
      "properties": {
        "Node name for S&R": "Image Padding"
      },
      "widgets_values": [
        0,
        "false",
        25,
        25,
        25,
        25
      ]
    },
    {
      "id": 37,
      "type": "LoadImage",
      "pos": [
        133.10985895040847,
        771.1850937951544
      ],
      "size": {
        "0": 221.99734497070312,
        "1": 314
      },
      "flags": {},
      "order": 2,
      "mode": 0,
      "outputs": [
        {
          "name": "IMAGE",
          "type": "IMAGE",
          "links": [
            1003
          ],
          "slot_index": 0
        },
        {
          "name": "MASK",
          "type": "MASK",
          "links": [],
          "slot_index": 1
        }
      ],
      "properties": {
        "Node name for S&R": "LoadImage"
      },
      "widgets_values": [
        "HALFTONE INTERLOCKS.jpg",
        "image"
      ],
      "color": "#323",
      "bgcolor": "#535"
    },
    {
      "id": 40,
      "type": "ImageScale",
      "pos": [
        417.6670388104599,
        773.4171560855086
      ],
      "size": {
        "0": 299.2333984375,
        "1": 130
      },
      "flags": {},
      "order": 16,
      "mode": 0,
      "inputs": [
        {
          "name": "image",
          "type": "IMAGE",
          "link": 1003
        },
        {
          "name": "width",
          "type": "INT",
          "link": 1071,
          "widget": {
            "name": "width",
            "config": [
              "INT",
              {
                "default": 512,
                "min": 1,
                "max": 8192,
                "step": 1
              }
            ]
          }
        },
        {
          "name": "height",
          "type": "INT",
          "link": 1072,
          "widget": {
            "name": "height",
            "config": [
              "INT",
              {
                "default": 512,
                "min": 1,
                "max": 8192,
                "step": 1
              }
            ]
          }
        }
      ],
      "outputs": [
        {
          "name": "IMAGE",
          "type": "IMAGE",
          "links": [
            986
          ],
          "slot_index": 0
        }
      ],
      "properties": {
        "Node name for S&R": "ImageScale"
      },
      "widgets_values": [
        "nearest-exact",
        512,
        768,
        "center"
      ]
    },
    {
      "id": 309,
      "type": "CR Seed to Int",
      "pos": [
        138.6760957977194,
        226.4411108701199
      ],
      "size": {
        "0": 171.99835205078125,
        "1": 26
      },
      "flags": {
        "collapsed": true
      },
      "order": 11,
      "mode": 0,
      "inputs": [
        {
          "name": "seed",
          "type": "SEED",
          "link": 848
        }
      ],
      "outputs": [
        {
          "name": "INT",
          "type": "INT",
          "links": [
            940
          ],
          "shape": 3,
          "slot_index": 0
        }
      ],
      "properties": {}
    },
    {
      "id": 350,
      "type": "Reroute",
      "pos": [
        1561,
        553
      ],
      "size": [
        82,
        26
      ],
      "flags": {},
      "order": 23,
      "mode": 0,
      "inputs": [
        {
          "name": "",
          "type": "*",
          "link": 919
        }
      ],
      "outputs": [
        {
          "name": "FLOAT",
          "type": "FLOAT",
          "links": [
            1020
          ],
          "slot_index": 0
        }
      ],
      "properties": {
        "showOutputText": true,
        "horizontal": false
      }
    },
    {
      "id": 90,
      "type": "Reroute",
      "pos": [
        2011,
        610
      ],
      "size": [
        75,
        26
      ],
      "flags": {},
      "order": 19,
      "mode": 0,
      "inputs": [
        {
          "name": "",
          "type": "*",
          "link": 1066
        }
      ],
      "outputs": [
        {
          "name": "VAE",
          "type": "VAE",
          "links": [
            878
          ],
          "slot_index": 0
        }
      ],
      "properties": {
        "showOutputText": true,
        "horizontal": false
      }
    },
    {
      "id": 374,
      "type": "Latent Upscale by Factor (WAS)",
      "pos": [
        1772,
        -3
      ],
      "size": {
        "0": 315,
        "1": 106
      },
      "flags": {},
      "order": 29,
      "mode": 0,
      "inputs": [
        {
          "name": "samples",
          "type": "LATENT",
          "link": 1019
        },
        {
          "name": "factor",
          "type": "FLOAT",
          "link": 1020,
          "widget": {
            "name": "factor",
            "config": [
              "FLOAT",
              {
                "default": 2,
                "min": 0.1,
                "max": 8,
                "step": 0.01
              }
            ]
          }
        }
      ],
      "outputs": [
        {
          "name": "LATENT",
          "type": "LATENT",
          "links": [
            1023
          ],
          "shape": 3,
          "slot_index": 0
        }
      ],
      "properties": {},
      "widgets_values": [
        "area",
        1.5,
        "true"
      ]
    },
    {
      "id": 15,
      "type": "KSampler",
      "pos": [
        1774,
        174
      ],
      "size": {
        "0": 315,
        "1": 262
      },
      "flags": {},
      "order": 30,
      "mode": 0,
      "inputs": [
        {
          "name": "model",
          "type": "MODEL",
          "link": 1067
        },
        {
          "name": "positive",
          "type": "CONDITIONING",
          "link": 1060
        },
        {
          "name": "negative",
          "type": "CONDITIONING",
          "link": 1059
        },
        {
          "name": "latent_image",
          "type": "LATENT",
          "link": 1023
        },
        {
          "name": "seed",
          "type": "INT",
          "link": 1029,
          "widget": {
            "name": "seed",
            "config": [
              "INT",
              {
                "default": 0,
                "min": 0,
                "max": 18446744073709552000
              }
            ]
          },
          "slot_index": 4
        }
      ],
      "outputs": [
        {
          "name": "LATENT",
          "type": "LATENT",
          "links": [
            953
          ],
          "slot_index": 0
        }
      ],
      "properties": {
        "Node name for S&R": "KSampler"
      },
      "widgets_values": [
        391002287072862,
        "randomize",
        20,
        7,
        "dpmpp_2m",
        "karras",
        0.5
      ],
      "color": "#222",
      "bgcolor": "#000"
    },
    {
      "id": 92,
      "type": "Note",
      "pos": [
        1392.831299684256,
        336.0000305175781
      ],
      "size": {
        "0": 210,
        "1": 67.84391021728516
      },
      "flags": {
        "collapsed": false
      },
      "order": 3,
      "mode": 0,
      "properties": {
        "text": ""
      },
      "widgets_values": [
        "switch between:\n(1) TxtImg\n(2) Img2Img\n"
      ],
      "color": "#432",
      "bgcolor": "#653"
    },
    {
      "id": 376,
      "type": "Note",
      "pos": [
        2830.0249190183654,
        760.3908432684807
      ],
      "size": {
        "0": 210,
        "1": 64.32551574707031
      },
      "flags": {
        "collapsed": false
      },
      "order": 4,
      "mode": 0,
      "title": "Input Options",
      "properties": {
        "text": ""
      },
      "widgets_values": [
        "switch between:\n(1) image border OFF\n(2) image border ON"
      ],
      "color": "#432",
      "bgcolor": "#653"
    },
    {
      "id": 325,
      "type": "Note",
      "pos": [
        2837.0249190183654,
        283.441462692429
      ],
      "size": {
        "0": 210,
        "1": 64.32551574707031
      },
      "flags": {
        "collapsed": false
      },
      "order": 5,
      "mode": 0,
      "title": "Input Options",
      "properties": {
        "text": ""
      },
      "widgets_values": [
        "switch between:\n(1) image style OFF\n(2) image style ON"
      ],
      "color": "#432",
      "bgcolor": "#653"
    },
    {
      "id": 312,
      "type": "VAEDecode",
      "pos": [
        2313.620140666525,
        -239.12865364292114
      ],
      "size": {
        "0": 210,
        "1": 46
      },
      "flags": {
        "collapsed": false
      },
      "order": 31,
      "mode": 0,
      "inputs": [
        {
          "name": "samples",
          "type": "LATENT",
          "link": 953
        },
        {
          "name": "vae",
          "type": "VAE",
          "link": 878
        }
      ],
      "outputs": [
        {
          "name": "IMAGE",
          "type": "IMAGE",
          "links": [
            855,
            1037,
            1044
          ],
          "slot_index": 0
        }
      ],
      "properties": {
        "Node name for S&R": "VAEDecode"
      }
    },
    {
      "id": 380,
      "type": "Reroute",
      "pos": [
        3087.620140666525,
        -496.1286536429211
      ],
      "size": [
        82,
        26
      ],
      "flags": {},
      "order": 33,
      "mode": 0,
      "inputs": [
        {
          "name": "",
          "type": "*",
          "link": 1044
        }
      ],
      "outputs": [
        {
          "name": "IMAGE",
          "type": "IMAGE",
          "links": [
            1043
          ],
          "slot_index": 0
        }
      ],
      "properties": {
        "showOutputText": true,
        "horizontal": false
      }
    },
    {
      "id": 313,
      "type": "ImageUpscaleWithModel",
      "pos": [
        2690.620140666525,
        -331.1286536429211
      ],
      "size": {
        "0": 313.53900146484375,
        "1": 46
      },
      "flags": {
        "collapsed": false
      },
      "order": 32,
      "mode": 0,
      "inputs": [
        {
          "name": "upscale_model",
          "type": "UPSCALE_MODEL",
          "link": 854
        },
        {
          "name": "image",
          "type": "IMAGE",
          "link": 855
        }
      ],
      "outputs": [
        {
          "name": "IMAGE",
          "type": "IMAGE",
          "links": [
            1038
          ],
          "slot_index": 0
        }
      ],
      "properties": {
        "Node name for S&R": "ImageUpscaleWithModel"
      }
    },
    {
      "id": 314,
      "type": "UpscaleModelLoader",
      "pos": [
        2693.620140666525,
        -446.1286536429211
      ],
      "size": {
        "0": 315,
        "1": 58
      },
      "flags": {},
      "order": 6,
      "mode": 0,
      "outputs": [
        {
          "name": "UPSCALE_MODEL",
          "type": "UPSCALE_MODEL",
          "links": [
            854
          ],
          "slot_index": 0
        }
      ],
      "properties": {
        "Node name for S&R": "UpscaleModelLoader"
      },
      "widgets_values": [
        "RealESRGAN_x2plus.pth"
      ],
      "color": "#222",
      "bgcolor": "#000"
    },
    {
      "id": 319,
      "type": "Note",
      "pos": [
        2689.620140666525,
        -85.12865364292138
      ],
      "size": {
        "0": 319.8124694824219,
        "1": 58
      },
      "flags": {
        "collapsed": false
      },
      "order": 7,
      "mode": 0,
      "title": "Input Options",
      "properties": {
        "text": ""
      },
      "widgets_values": [
        "switch between: no upscale\n(1), upscale with model\n(2) image upscale"
      ],
      "color": "#432",
      "bgcolor": "#653"
    },
    {
      "id": 377,
      "type": "CR Image Input Switch",
      "pos": [
        2690.620140666525,
        -221.1286536429212
      ],
      "size": {
        "0": 315,
        "1": 78
      },
      "flags": {},
      "order": 34,
      "mode": 0,
      "inputs": [
        {
          "name": "image1",
          "type": "IMAGE",
          "link": 1037
        },
        {
          "name": "image2",
          "type": "IMAGE",
          "link": 1038
        }
      ],
      "outputs": [
        {
          "name": "IMAGE",
          "type": "IMAGE",
          "links": [
            1053
          ],
          "shape": 3,
          "slot_index": 0
        }
      ],
      "title": "Switch",
      "properties": {},
      "widgets_values": [
        1
      ],
      "color": "#322",
      "bgcolor": "#533"
    },
    {
      "id": 331,
      "type": "Reroute",
      "pos": [
        2293.0249190183654,
        151.44146269242904
      ],
      "size": [
        82,
        26
      ],
      "flags": {},
      "order": 36,
      "mode": 0,
      "inputs": [
        {
          "name": "",
          "type": "*",
          "link": 1053
        }
      ],
      "outputs": [
        {
          "name": "IMAGE",
          "type": "IMAGE",
          "links": [
            864,
            865
          ]
        }
      ],
      "properties": {
        "showOutputText": true,
        "horizontal": false
      }
    },
    {
      "id": 354,
      "type": "Reroute",
      "pos": [
        700,
        550
      ],
      "size": [
        82,
        26
      ],
      "flags": {},
      "order": 17,
      "mode": 0,
      "inputs": [
        {
          "name": "",
          "type": "*",
          "link": 1070
        }
      ],
      "outputs": [
        {
          "name": "FLOAT",
          "type": "FLOAT",
          "links": [
            919
          ],
          "slot_index": 0
        }
      ],
      "properties": {
        "showOutputText": true,
        "horizontal": false
      }
    },
    {
      "id": 3,
      "type": "CLIPTextEncode",
      "pos": [
        729.7780010714647,
        -279.89931776056227
      ],
      "size": {
        "0": 400,
        "1": 200
      },
      "flags": {},
      "order": 20,
      "mode": 0,
      "inputs": [
        {
          "name": "clip",
          "type": "CLIP",
          "link": 1010
        }
      ],
      "outputs": [
        {
          "name": "CONDITIONING",
          "type": "CONDITIONING",
          "links": [
            1055
          ],
          "slot_index": 0
        }
      ],
      "properties": {
        "Node name for S&R": "CLIPTextEncode"
      },
      "widgets_values": [
        "high quality, masterpiece, realistic, \n18yo girl, cyberpunk,"
      ],
      "color": "#222",
      "bgcolor": "#000"
    },
    {
      "id": 4,
      "type": "CLIPTextEncode",
      "pos": [
        732.7780010714647,
        -21.899317760562237
      ],
      "size": {
        "0": 400,
        "1": 200
      },
      "flags": {},
      "order": 21,
      "mode": 0,
      "inputs": [
        {
          "name": "clip",
          "type": "CLIP",
          "link": 1011
        }
      ],
      "outputs": [
        {
          "name": "CONDITIONING",
          "type": "CONDITIONING",
          "links": [
            1056
          ],
          "slot_index": 0
        }
      ],
      "properties": {
        "Node name for S&R": "CLIPTextEncode"
      },
      "widgets_values": [
        "embedding:easynegative,\nembedding:bad-hands-5,\nworst quality, bad quality:1.2,\nmonochrome,\n\n"
      ],
      "color": "#222",
      "bgcolor": "#000"
    },
    {
      "id": 362,
      "type": "Reroute",
      "pos": [
        1562,
        491
      ],
      "size": [
        75,
        26
      ],
      "flags": {},
      "order": 24,
      "mode": 0,
      "inputs": [
        {
          "name": "",
          "type": "*",
          "link": 1062
        }
      ],
      "outputs": [
        {
          "name": "INT",
          "type": "INT",
          "links": [
            1029,
            1061
          ],
          "slot_index": 0
        }
      ],
      "properties": {
        "showOutputText": true,
        "horizontal": false
      }
    },
    {
      "id": 382,
      "type": "Reroute",
      "pos": [
        1330,
        30
      ],
      "size": [
        140.8,
        26
      ],
      "flags": {},
      "order": 26,
      "mode": 0,
      "inputs": [
        {
          "name": "",
          "type": "*",
          "link": 1056
        }
      ],
      "outputs": [
        {
          "name": "CONDITIONING",
          "type": "CONDITIONING",
          "links": [
            1058,
            1059
          ],
          "slot_index": 0
        }
      ],
      "properties": {
        "showOutputText": true,
        "horizontal": false
      }
    },
    {
      "id": 381,
      "type": "Reroute",
      "pos": [
        1330,
        -20
      ],
      "size": [
        140.8,
        26
      ],
      "flags": {},
      "order": 25,
      "mode": 0,
      "inputs": [
        {
          "name": "",
          "type": "*",
          "link": 1055
        }
      ],
      "outputs": [
        {
          "name": "CONDITIONING",
          "type": "CONDITIONING",
          "links": [
            1057,
            1060
          ],
          "slot_index": 0
        }
      ],
      "properties": {
        "showOutputText": true,
        "horizontal": false
      }
    },
    {
      "id": 1,
      "type": "CheckpointLoaderSimple",
      "pos": [
        -225.7450612395233,
        -77.69298258213401
      ],
      "size": {
        "0": 383.0479431152344,
        "1": 109.41549682617188
      },
      "flags": {},
      "order": 8,
      "mode": 0,
      "outputs": [
        {
          "name": "MODEL",
          "type": "MODEL",
          "links": [
            1064
          ],
          "slot_index": 0
        },
        {
          "name": "CLIP",
          "type": "CLIP",
          "links": [
            1
          ]
        },
        {
          "name": "VAE",
          "type": "VAE",
          "links": null
        }
      ],
      "properties": {
        "Node name for S&R": "CheckpointLoaderSimple"
      },
      "widgets_values": [
        "ComfyrollAnime_v1_fp16_pruned.safetensors"
      ],
      "color": "#222",
      "bgcolor": "#000"
    },
    {
      "id": 360,
      "type": "Reroute",
      "pos": [
        700,
        490
      ],
      "size": [
        75,
        26
      ],
      "flags": {},
      "order": 18,
      "mode": 0,
      "inputs": [
        {
          "name": "",
          "type": "*",
          "link": 940
        }
      ],
      "outputs": [
        {
          "name": "INT",
          "type": "INT",
          "links": [
            1062
          ],
          "slot_index": 0
        }
      ],
      "properties": {
        "showOutputText": true,
        "horizontal": false
      }
    },
    {
      "id": 139,
      "type": "Reroute",
      "pos": [
        700,
        610
      ],
      "size": [
        75,
        26
      ],
      "flags": {},
      "order": 12,
      "mode": 0,
      "inputs": [
        {
          "name": "",
          "type": "*",
          "link": 999
        }
      ],
      "outputs": [
        {
          "name": "VAE",
          "type": "VAE",
          "links": [
            1065,
            1066
          ],
          "slot_index": 0
        }
      ],
      "properties": {
        "showOutputText": true,
        "horizontal": false
      }
    },
    {
      "id": 2,
      "type": "CLIPSetLastLayer",
      "pos": [
        391,
        -57
      ],
      "size": {
        "0": 229.81015014648438,
        "1": 58
      },
      "flags": {},
      "order": 14,
      "mode": 0,
      "inputs": [
        {
          "name": "clip",
          "type": "CLIP",
          "link": 1
        }
      ],
      "outputs": [
        {
          "name": "CLIP",
          "type": "CLIP",
          "links": [
            1010,
            1011
          ],
          "slot_index": 0
        }
      ],
      "properties": {
        "Node name for S&R": "CLIPSetLastLayer"
      },
      "widgets_values": [
        -1
      ]
    },
    {
      "id": 91,
      "type": "Note",
      "pos": [
        -255,
        -525
      ],
      "size": {
        "0": 582.4512329101562,
        "1": 313.3253479003906
      },
      "flags": {},
      "order": 9,
      "mode": 0,
      "title": "Workbook Details",
      "properties": {
        "text": ""
      },
      "widgets_values": [
        "Comfyroll Workflow Templates - https://https://civitai.com/models/59806\n\nThis template can be used with any model.\n\nOn first use:\n- select model and VAE\n- select upscale models\n- select ControlNet models\n- add an image in each of the Load Images nodes (purple nodes)\n- save a copy to use as a template\n\nTips:\n- Example noise masks can be found in the Comfyroll Workflow Templates download\n- Notes can be opened by clicking on the dots in the title bars (green nodes)\n- Each optional component can be bypassed using logic switches (red nodes)\n- The default setting for all logic switches is OFF (1) \n\nRequires:\nWAS Custom Nodes - https://civitai.com/models/20793/was-node-suite-comfyui\nComfyroll Custom Nodes - https://civitai.com/models/87609/comfyroll-custom-nodes-for-comfyui\n\nJune 2023\nAkatsuzi\n"
      ],
      "color": "#432",
      "bgcolor": "#653"
    },
    {
      "id": 336,
      "type": "SaveImage",
      "pos": [
        3278,
        202
      ],
      "size": {
        "0": 882.0217895507812,
        "1": 930.6047973632812
      },
      "flags": {},
      "order": 43,
      "mode": 0,
      "inputs": [
        {
          "name": "images",
          "type": "IMAGE",
          "link": 1041
        }
      ],
      "properties": {},
      "widgets_values": [
        "ComfyUI"
      ],
      "color": "#223",
      "bgcolor": "#335"
    },
    {
      "id": 375,
      "type": "PreviewImage",
      "pos": [
        3281,
        -523
      ],
      "size": {
        "0": 688.1633911132812,
        "1": 660.073974609375
      },
      "flags": {},
      "order": 35,
      "mode": 0,
      "inputs": [
        {
          "name": "images",
          "type": "IMAGE",
          "link": 1043
        }
      ],
      "properties": {}
    },
    {
      "id": 39,
      "type": "VAEEncode",
      "pos": [
        786.6290574649346,
        773
      ],
      "size": {
        "0": 210,
        "1": 46
      },
      "flags": {},
      "order": 22,
      "mode": 0,
      "inputs": [
        {
          "name": "pixels",
          "type": "IMAGE",
          "link": 986
        },
        {
          "name": "vae",
          "type": "VAE",
          "link": 1065
        }
      ],
      "outputs": [
        {
          "name": "LATENT",
          "type": "LATENT",
          "links": [
            578
          ],
          "slot_index": 0
        }
      ],
      "properties": {
        "Node name for S&R": "VAEEncode"
      }
    },
    {
      "id": 383,
      "type": "Reroute",
      "pos": [
        1330,
        -80
      ],
      "size": [
        82,
        26
      ],
      "flags": {},
      "order": 13,
      "mode": 0,
      "inputs": [
        {
          "name": "",
          "type": "*",
          "link": 1064
        }
      ],
      "outputs": [
        {
          "name": "MODEL",
          "type": "MODEL",
          "links": [
            1063,
            1067
          ],
          "slot_index": 0
        }
      ],
      "properties": {
        "showOutputText": true,
        "horizontal": false
      }
    },
    {
      "id": 384,
      "type": "CR Aspect Ratio",
      "pos": [
        -221,
        336
      ],
      "size": {
        "0": 315,
        "1": 238
      },
      "flags": {},
      "order": 10,
      "mode": 0,
      "outputs": [
        {
          "name": "INT",
          "type": "INT",
          "links": [
            1068,
            1071
          ],
          "shape": 3,
          "slot_index": 0
        },
        {
          "name": "INT",
          "type": "INT",
          "links": [
            1069,
            1072
          ],
          "shape": 3,
          "slot_index": 1
        },
        {
          "name": "FLOAT",
          "type": "FLOAT",
          "links": [
            1070
          ],
          "shape": 3,
          "slot_index": 2
        },
        {
          "name": "FLOAT",
          "type": "FLOAT",
          "links": null,
          "shape": 3
        }
      ],
      "properties": {},
      "widgets_values": [
        512,
        512,
        "2:3 portrait 512x768",
        "Off",
        1.5,
        1
      ],
      "color": "#222",
      "bgcolor": "#000"
    },
    {
      "id": 324,
      "type": "CR Image Input Switch",
      "pos": [
        2489.7184570269333,
        276.5833264187884
      ],
      "size": {
        "0": 314.822265625,
        "1": 78
      },
      "flags": {},
      "order": 38,
      "mode": 0,
      "inputs": [
        {
          "name": "image1",
          "type": "IMAGE",
          "link": 865
        },
        {
          "name": "image2",
          "type": "IMAGE",
          "link": 866
        }
      ],
      "outputs": [
        {
          "name": "IMAGE",
          "type": "IMAGE",
          "links": [
            990
          ],
          "shape": 3,
          "slot_index": 0
        }
      ],
      "title": "Switch",
      "properties": {
        "Node name for S&R": "CR Image Input Switch"
      },
      "widgets_values": [
        2
      ],
      "color": "#322",
      "bgcolor": "#533"
    },
    {
      "id": 323,
      "type": "Image Style Filter",
      "pos": [
        2484.7184570269333,
        176.58332641878675
      ],
      "size": {
        "0": 314.8222351074219,
        "1": 58
      },
      "flags": {},
      "order": 37,
      "mode": 0,
      "inputs": [
        {
          "name": "image",
          "type": "IMAGE",
          "link": 864
        }
      ],
      "outputs": [
        {
          "name": "IMAGE",
          "type": "IMAGE",
          "links": [
            866
          ],
          "shape": 3,
          "slot_index": 0
        }
      ],
      "properties": {
        "Node name for S&R": "Image Style Filter"
      },
      "widgets_values": [
        "mayfair"
      ]
    },
    {
      "id": 5,
      "type": "KSampler",
      "pos": [
        1771,
        -340
      ],
      "size": {
        "0": 315,
        "1": 262
      },
      "flags": {},
      "order": 28,
      "mode": 0,
      "inputs": [
        {
          "name": "model",
          "type": "MODEL",
          "link": 1063
        },
        {
          "name": "positive",
          "type": "CONDITIONING",
          "link": 1057
        },
        {
          "name": "negative",
          "type": "CONDITIONING",
          "link": 1058
        },
        {
          "name": "latent_image",
          "type": "LATENT",
          "link": 576
        },
        {
          "name": "seed",
          "type": "INT",
          "link": 1061,
          "widget": {
            "name": "seed",
            "config": [
              "INT",
              {
                "default": 0,
                "min": 0,
                "max": 18446744073709552000
              }
            ]
          },
          "slot_index": 4
        }
      ],
      "outputs": [
        {
          "name": "LATENT",
          "type": "LATENT",
          "links": [
            1019
          ],
          "slot_index": 0
        }
      ],
      "properties": {
        "Node name for S&R": "KSampler"
      },
      "widgets_values": [
        868527882381403,
        "randomize",
        20,
        8,
        "dpmpp_2m",
        "karras",
        1
      ],
      "color": "#222",
      "bgcolor": "#000"
    },
    {
      "id": 372,
      "type": "CR Image Input Switch",
      "pos": [
        2830,
        619
      ],
      "size": {
        "0": 210,
        "1": 87.08599853515625
      },
      "flags": {},
      "order": 42,
      "mode": 0,
      "inputs": [
        {
          "name": "image1",
          "type": "IMAGE",
          "link": 981
        },
        {
          "name": "image2",
          "type": "IMAGE",
          "link": 980
        }
      ],
      "outputs": [
        {
          "name": "IMAGE",
          "type": "IMAGE",
          "links": [
            1041
          ],
          "shape": 3,
          "slot_index": 0
        }
      ],
      "title": "Switch",
      "properties": {},
      "widgets_values": [
        2
      ],
      "color": "#322",
      "bgcolor": "#533"
    }
  ],
  "links": [
    [
      1,
      1,
      1,
      2,
      0,
      "CLIP"
    ],
    [
      576,
      223,
      0,
      5,
      3,
      "LATENT"
    ],
    [
      578,
      39,
      0,
      223,
      1,
      "LATENT"
    ],
    [
      579,
      6,
      0,
      223,
      0,
      "LATENT"
    ],
    [
      848,
      308,
      0,
      309,
      0,
      "SEED"
    ],
    [
      854,
      314,
      0,
      313,
      0,
      "UPSCALE_MODEL"
    ],
    [
      855,
      312,
      0,
      313,
      1,
      "IMAGE"
    ],
    [
      864,
      331,
      0,
      323,
      0,
      "IMAGE"
    ],
    [
      865,
      331,
      0,
      324,
      0,
      "IMAGE"
    ],
    [
      866,
      323,
      0,
      324,
      1,
      "IMAGE"
    ],
    [
      878,
      90,
      0,
      312,
      1,
      "VAE"
    ],
    [
      919,
      354,
      0,
      350,
      0,
      "*"
    ],
    [
      940,
      309,
      0,
      360,
      0,
      "*"
    ],
    [
      953,
      15,
      0,
      312,
      0,
      "LATENT"
    ],
    [
      976,
      369,
      1,
      371,
      0,
      "IMAGE"
    ],
    [
      977,
      371,
      0,
      370,
      1,
      "IMAGE"
    ],
    [
      978,
      369,
      0,
      370,
      0,
      "IMAGE"
    ],
    [
      980,
      370,
      0,
      372,
      1,
      "IMAGE"
    ],
    [
      981,
      369,
      0,
      372,
      0,
      "IMAGE"
    ],
    [
      986,
      40,
      0,
      39,
      0,
      "IMAGE"
    ],
    [
      990,
      324,
      0,
      369,
      0,
      "IMAGE"
    ],
    [
      999,
      8,
      0,
      139,
      0,
      "*"
    ],
    [
      1003,
      37,
      0,
      40,
      0,
      "IMAGE"
    ],
    [
      1010,
      2,
      0,
      3,
      0,
      "CLIP"
    ],
    [
      1011,
      2,
      0,
      4,
      0,
      "CLIP"
    ],
    [
      1019,
      5,
      0,
      374,
      0,
      "LATENT"
    ],
    [
      1020,
      350,
      0,
      374,
      1,
      "FLOAT"
    ],
    [
      1023,
      374,
      0,
      15,
      3,
      "LATENT"
    ],
    [
      1029,
      362,
      0,
      15,
      4,
      "INT"
    ],
    [
      1037,
      312,
      0,
      377,
      0,
      "IMAGE"
    ],
    [
      1038,
      313,
      0,
      377,
      1,
      "IMAGE"
    ],
    [
      1041,
      372,
      0,
      336,
      0,
      "IMAGE"
    ],
    [
      1043,
      380,
      0,
      375,
      0,
      "IMAGE"
    ],
    [
      1044,
      312,
      0,
      380,
      0,
      "*"
    ],
    [
      1053,
      377,
      0,
      331,
      0,
      "*"
    ],
    [
      1055,
      3,
      0,
      381,
      0,
      "*"
    ],
    [
      1056,
      4,
      0,
      382,
      0,
      "*"
    ],
    [
      1057,
      381,
      0,
      5,
      1,
      "CONDITIONING"
    ],
    [
      1058,
      382,
      0,
      5,
      2,
      "CONDITIONING"
    ],
    [
      1059,
      382,
      0,
      15,
      2,
      "CONDITIONING"
    ],
    [
      1060,
      381,
      0,
      15,
      1,
      "CONDITIONING"
    ],
    [
      1061,
      362,
      0,
      5,
      4,
      "INT"
    ],
    [
      1062,
      360,
      0,
      362,
      0,
      "*"
    ],
    [
      1063,
      383,
      0,
      5,
      0,
      "MODEL"
    ],
    [
      1064,
      1,
      0,
      383,
      0,
      "*"
    ],
    [
      1065,
      139,
      0,
      39,
      1,
      "VAE"
    ],
    [
      1066,
      139,
      0,
      90,
      0,
      "*"
    ],
    [
      1067,
      383,
      0,
      15,
      0,
      "MODEL"
    ],
    [
      1068,
      384,
      0,
      6,
      0,
      "INT"
    ],
    [
      1069,
      384,
      1,
      6,
      1,
      "INT"
    ],
    [
      1070,
      384,
      2,
      354,
      0,
      "*"
    ],
    [
      1071,
      384,
      0,
      40,
      1,
      "INT"
    ],
    [
      1072,
      384,
      1,
      40,
      2,
      "INT"
    ]
  ],
  "groups": [
    {
      "title": "Imgage Input",
      "bounding": [
        85,
        670,
        970,
        461
      ],
      "color": "#3f789e"
    },
    {
      "title": "Image Style",
      "bounding": [
        2255,
        82,
        962,
        361
      ],
      "color": "#3f789e"
    },
    {
      "title": "Prompt",
      "bounding": [
        700,
        -361,
        459,
        576
      ],
      "color": "#3f789e"
    },
    {
      "title": "Model and VAE",
      "bounding": [
        -256,
        -175,
        576,
        808
      ],
      "color": "#3f789e"
    },
    {
      "title": "Txt2Img or Img2Img",
      "bounding": [
        704,
        255,
        934,
        202
      ],
      "color": "#3f789e"
    },
    {
      "title": "Comfyroll Simple Template v2",
      "bounding": [
        -312,
        -647,
        4527,
        1828
      ],
      "color": "#3f789e"
    },
    {
      "title": "Group",
      "bounding": [
        2261,
        -558,
        956,
        592
      ],
      "color": "#3f789e"
    },
    {
      "title": "Image Border",
      "bounding": [
        2255,
        501,
        962,
        629
      ],
      "color": "#3f789e"
    }
  ],
  "config": {},
  "extra": {},
  "version": 0.4
}