{
  "last_node_id": 26,
  "last_link_id": 45,
  "nodes": [
    {
      "id": 4,
      "type": "CheckpointLoaderSimple",
      "pos": [
        -792,
        -462
      ],
      "size": {
        "0": 384.7916259765625,
        "1": 98
      },
      "flags": {},
      "order": 0,
      "mode": 0,
      "outputs": [
        {
          "name": "MODEL",
          "type": "MODEL",
          "links": [
            27
          ],
          "slot_index": 0
        },
        {
          "name": "CLIP",
          "type": "CLIP",
          "links": [
            3,
            5
          ],
          "slot_index": 1
        },
        {
          "name": "VAE",
          "type": "VAE",
          "links": [
            8,
            42
          ],
          "slot_index": 2
        }
      ],
      "title": "模型 Load Checkpoint",
      "properties": {
        "Node name for S&R": "CheckpointLoaderSimple"
      },
      "widgets_values": [
        "sdXL_v10Refiner.safetensors"
      ]
    },
    {
      "id": 15,
      "type": "PrimitiveNode",
      "pos": [
        -791,
        -261
      ],
      "size": {
        "0": 383.34259033203125,
        "1": 153.74838256835938
      },
      "flags": {},
      "order": 1,
      "mode": 0,
      "outputs": [
        {
          "name": "STRING",
          "type": "STRING",
          "links": [
            19
          ],
          "widget": {
            "name": "text",
            "config": [
              "STRING",
              {
                "multiline": true
              }
            ]
          },
          "slot_index": 0
        }
      ],
      "title": "正向词 Positive Prompt",
      "properties": {},
      "widgets_values": [
        "masterpiece, best quality, (1girl), Sam Yang, beautiful detailed eyes, looking at viewer, upper body, black hair, shy, cat ears, very detailed, high resolution, sharp, sharp image, 4k, 8k,\n"
      ]
    },
    {
      "id": 16,
      "type": "PrimitiveNode",
      "pos": [
        -791,
        -61
      ],
      "size": {
        "0": 382.6603088378906,
        "1": 153.8127899169922
      },
      "flags": {},
      "order": 2,
      "mode": 0,
      "outputs": [
        {
          "name": "STRING",
          "type": "STRING",
          "links": [
            22
          ],
          "widget": {
            "name": "text",
            "config": [
              "STRING",
              {
                "multiline": true
              }
            ]
          },
          "slot_index": 0
        }
      ],
      "title": "反向词 Negative Prompt",
      "properties": {},
      "widgets_values": [
        "(deformed iris, deformed pupils), text, worst quality, low quality, jpeg artifacts, ugly, duplicate, morbid, mutilated, (extra fingers), (mutated hands), poorly drawn hands, poorly drawn face, mutation, deformed, blurry, dehydrated, bad anatomy, bad proportions, extra limbs, cloned face, disfigured, gross proportions, malformed limbs, missing arms, missing legs, extra arms, extra legs, (fused fingers), (too many fingers), long neck, camera,"
      ]
    },
    {
      "id": 21,
      "type": "LoadImage",
      "pos": [
        -792,
        139
      ],
      "size": {
        "0": 383.9712219238281,
        "1": 353.6837158203125
      },
      "flags": {},
      "order": 3,
      "mode": 0,
      "outputs": [
        {
          "name": "IMAGE",
          "type": "IMAGE",
          "links": [
            43
          ],
          "shape": 3,
          "slot_index": 0
        },
        {
          "name": "MASK",
          "type": "MASK",
          "links": [],
          "shape": 3,
          "slot_index": 1
        }
      ],
      "title": "原图 Load Image",
      "properties": {
        "Node name for S&R": "LoadImage"
      },
      "widgets_values": [
        "base_output_00082_.png",
        "image"
      ]
    },
    {
      "id": 26,
      "type": "ImageScale",
      "pos": [
        -292,
        339
      ],
      "size": {
        "0": 285.493408203125,
        "1": 154.17405700683594
      },
      "flags": {},
      "order": 6,
      "mode": 0,
      "inputs": [
        {
          "name": "image",
          "type": "IMAGE",
          "link": 43
        }
      ],
      "outputs": [
        {
          "name": "IMAGE",
          "type": "IMAGE",
          "links": [
            44
          ],
          "shape": 3,
          "slot_index": 0
        }
      ],
      "title": "分辨率 Upscale Image",
      "properties": {
        "Node name for S&R": "ImageScale"
      },
      "widgets_values": [
        "nearest-exact",
        1024,
        1024,
        "disabled"
      ]
    },
    {
      "id": 9,
      "type": "SaveImage",
      "pos": [
        9,
        -462
      ],
      "size": {
        "0": 884.77392578125,
        "1": 954.7660522460938
      },
      "flags": {},
      "order": 10,
      "mode": 0,
      "inputs": [
        {
          "name": "images",
          "type": "IMAGE",
          "link": 9
        }
      ],
      "title": "输出图像 Save Image",
      "properties": {},
      "widgets_values": [
        "base_output"
      ]
    },
    {
      "id": 17,
      "type": "KSampler",
      "pos": [
        -292,
        -162
      ],
      "size": {
        "0": 284.7818298339844,
        "1": 262
      },
      "flags": {
        "collapsed": false
      },
      "order": 8,
      "mode": 0,
      "inputs": [
        {
          "name": "model",
          "type": "MODEL",
          "link": 27
        },
        {
          "name": "positive",
          "type": "CONDITIONING",
          "link": 24
        },
        {
          "name": "negative",
          "type": "CONDITIONING",
          "link": 25
        },
        {
          "name": "latent_image",
          "type": "LATENT",
          "link": 45
        }
      ],
      "outputs": [
        {
          "name": "LATENT",
          "type": "LATENT",
          "links": [
            28
          ],
          "shape": 3,
          "slot_index": 0
        }
      ],
      "title": "采样器KSampler",
      "properties": {
        "Node name for S&R": "KSampler"
      },
      "widgets_values": [
        613826757393281,
        "randomize",
        20,
        2.5,
        "dpmpp_2s_ancestral",
        "normal",
        0.1
      ]
    },
    {
      "id": 6,
      "type": "CLIPTextEncode",
      "pos": [
        -292,
        -461
      ],
      "size": {
        "0": 210,
        "1": 54
      },
      "flags": {
        "collapsed": false
      },
      "order": 4,
      "mode": 0,
      "inputs": [
        {
          "name": "clip",
          "type": "CLIP",
          "link": 3
        },
        {
          "name": "text",
          "type": "STRING",
          "link": 19,
          "widget": {
            "name": "text",
            "config": [
              "STRING",
              {
                "multiline": true
              }
            ]
          }
        }
      ],
      "outputs": [
        {
          "name": "CONDITIONING",
          "type": "CONDITIONING",
          "links": [
            24
          ],
          "slot_index": 0
        }
      ],
      "properties": {
        "Node name for S&R": "CLIPTextEncode"
      },
      "widgets_values": [
        "masterpiece, best quality, (1girl), Sam Yang, beautiful detailed eyes, looking at viewer, upper body, black hair, shy, cat ears, very detailed, high resolution, sharp, sharp image, 4k, 8k,\n"
      ]
    },
    {
      "id": 8,
      "type": "VAEDecode",
      "pos": [
        -291,
        -261
      ],
      "size": {
        "0": 140,
        "1": 46
      },
      "flags": {
        "collapsed": false
      },
      "order": 9,
      "mode": 0,
      "inputs": [
        {
          "name": "samples",
          "type": "LATENT",
          "link": 28
        },
        {
          "name": "vae",
          "type": "VAE",
          "link": 8
        }
      ],
      "outputs": [
        {
          "name": "IMAGE",
          "type": "IMAGE",
          "links": [
            9
          ],
          "slot_index": 0
        }
      ],
      "properties": {
        "Node name for S&R": "VAEDecode"
      }
    },
    {
      "id": 7,
      "type": "CLIPTextEncode",
      "pos": [
        -291,
        -361
      ],
      "size": {
        "0": 210,
        "1": 54
      },
      "flags": {
        "collapsed": false
      },
      "order": 5,
      "mode": 0,
      "inputs": [
        {
          "name": "clip",
          "type": "CLIP",
          "link": 5
        },
        {
          "name": "text",
          "type": "STRING",
          "link": 22,
          "widget": {
            "name": "text",
            "config": [
              "STRING",
              {
                "multiline": true
              }
            ]
          }
        }
      ],
      "outputs": [
        {
          "name": "CONDITIONING",
          "type": "CONDITIONING",
          "links": [
            25
          ],
          "slot_index": 0
        }
      ],
      "properties": {
        "Node name for S&R": "CLIPTextEncode"
      },
      "widgets_values": [
        "(deformed iris, deformed pupils), text, worst quality, low quality, jpeg artifacts, ugly, duplicate, morbid, mutilated, (extra fingers), (mutated hands), poorly drawn hands, poorly drawn face, mutation, deformed, blurry, dehydrated, bad anatomy, bad proportions, extra limbs, cloned face, disfigured, gross proportions, malformed limbs, missing arms, missing legs, extra arms, extra legs, (fused fingers), (too many fingers), long neck, camera,"
      ]
    },
    {
      "id": 25,
      "type": "VAEEncode",
      "pos": [
        -292,
        238
      ],
      "size": {
        "0": 140,
        "1": 46
      },
      "flags": {
        "collapsed": false
      },
      "order": 7,
      "mode": 0,
      "inputs": [
        {
          "name": "pixels",
          "type": "IMAGE",
          "link": 44
        },
        {
          "name": "vae",
          "type": "VAE",
          "link": 42
        }
      ],
      "outputs": [
        {
          "name": "LATENT",
          "type": "LATENT",
          "links": [
            45
          ],
          "shape": 3,
          "slot_index": 0
        }
      ],
      "properties": {
        "Node name for S&R": "VAEEncode"
      }
    }
  ],
  "links": [
    [
      3,
      4,
      1,
      6,
      0,
      "CLIP"
    ],
    [
      5,
      4,
      1,
      7,
      0,
      "CLIP"
    ],
    [
      8,
      4,
      2,
      8,
      1,
      "VAE"
    ],
    [
      9,
      8,
      0,
      9,
      0,
      "IMAGE"
    ],
    [
      19,
      15,
      0,
      6,
      1,
      "STRING"
    ],
    [
      22,
      16,
      0,
      7,
      1,
      "STRING"
    ],
    [
      24,
      6,
      0,
      17,
      1,
      "CONDITIONING"
    ],
    [
      25,
      7,
      0,
      17,
      2,
      "CONDITIONING"
    ],
    [
      27,
      4,
      0,
      17,
      0,
      "MODEL"
    ],
    [
      28,
      17,
      0,
      8,
      0,
      "LATENT"
    ],
    [
      42,
      4,
      2,
      25,
      1,
      "VAE"
    ],
    [
      43,
      21,
      0,
      26,
      0,
      "IMAGE"
    ],
    [
      44,
      26,
      0,
      25,
      0,
      "IMAGE"
    ],
    [
      45,
      25,
      0,
      17,
      3,
      "LATENT"
    ]
  ],
  "groups": [],
  "config": {},
  "extra": {},
  "version": 0.4
}