{"last_node_id":82,"last_link_id":141,"nodes":[{"id":20,"type":"VAELoader","pos":[-144.90310562686676,438.84267296947644],"size":{"0":315,"1":58},"flags":{},"order":0,"mode":0,"outputs":[{"name":"VAE","type":"VAE","links":[32,35,37],"slot_index":0}],"properties":{},"widgets_values":["kl-f8-anime2.vae.pt"]},{"id":13,"type":"UpscaleModelLoader","pos":[-147.90310562686741,575.842672969477],"size":{"0":315,"1":58},"flags":{},"order":1,"mode":0,"outputs":[{"name":"UPSCALE_MODEL","type":"UPSCALE_MODEL","links":[13],"slot_index":0}],"properties":{},"widgets_values":["4x-UltraSharp.pth"]},{"id":24,"type":"LatentUpscale","pos":[1021.0582807146512,433.47652181275276],"size":{"0":315,"1":130},"flags":{},"order":11,"mode":0,"inputs":[{"name":"samples","type":"LATENT","link":44}],"outputs":[{"name":"LATENT","type":"LATENT","links":[45],"slot_index":0}],"title":"Post-Upscale Resolution","properties":{},"widgets_values":["bilinear",1024,1536,"disabled"],"color":"#223","bgcolor":"#335"},{"id":19,"type":"VAEDecode","pos":[754.4638811640601,254.16010079914832],"size":{"0":210,"1":46},"flags":{},"order":7,"mode":0,"inputs":[{"name":"samples","type":"LATENT","link":140},{"name":"vae","type":"VAE","link":32}],"outputs":[{"name":"IMAGE","type":"IMAGE","links":[40,64],"slot_index":0}],"properties":{},"color":"#232","bgcolor":"#353"},{"id":21,"type":"VAEEncode","pos":[752.4638811640601,363.16010079914884],"size":{"0":210,"1":46},"flags":{},"order":10,"mode":0,"inputs":[{"name":"pixels","type":"IMAGE","link":141},{"name":"vae","type":"VAE","link":35}],"outputs":[{"name":"LATENT","type":"LATENT","links":[44],"slot_index":0}],"properties":{},"color":"#223","bgcolor":"#335"},{"id":3,"type":"KSampler","pos":[1419.236793432732,250.5484828666352],"size":[318.46961249391325,262],"flags":{},"order":6,"mode":0,"inputs":[{"name":"model","type":"MODEL","link":1},{"name":"positive","type":"CONDITIONING","link":130},{"name":"negative","type":"CONDITIONING","link":6},{"name":"latent_image","type":"LATENT","link":2}],"outputs":[{"name":"LATENT","type":"LATENT","links":[140],"slot_index":0}],"title":"First Pass Sampler","properties":{},"widgets_values":[859411102125768,false,20,8,"euler","ddim_uniform",1],"color":"#232","bgcolor":"#353"},{"id":16,"type":"KSampler","pos":[1422.236793432732,556.5484828666345],"size":{"0":315,"1":262},"flags":{},"order":12,"mode":0,"inputs":[{"name":"model","type":"MODEL","link":21},{"name":"positive","type":"CONDITIONING","link":131},{"name":"negative","type":"CONDITIONING","link":20},{"name":"latent_image","type":"LATENT","link":45}],"outputs":[{"name":"LATENT","type":"LATENT","links":[18],"slot_index":0}],"title":"HR-Fix Pass Sampler","properties":{},"widgets_values":[859411102125768,false,40,8,"euler","karras",0.45],"color":"#223","bgcolor":"#335"},{"id":14,"type":"ImageUpscaleWithModel","pos":[1051.1484648772785,664.1148741904904],"size":{"0":241.79998779296875,"1":46},"flags":{},"order":8,"mode":0,"inputs":[{"name":"upscale_model","type":"UPSCALE_MODEL","link":13},{"name":"image","type":"IMAGE","link":40}],"outputs":[{"name":"IMAGE","type":"IMAGE","links":[141],"slot_index":0}],"properties":{},"color":"#223","bgcolor":"#335"},{"id":4,"type":"CheckpointLoaderSimple","pos":[-147.19508072594311,263.10096882439444],"size":{"0":315,"1":98},"flags":{},"order":3,"mode":0,"outputs":[{"name":"MODEL","type":"MODEL","links":[1,21],"slot_index":0},{"name":"CLIP","type":"CLIP","links":[5,129],"slot_index":1},{"name":"VAE","type":"VAE","links":[],"slot_index":2}],"properties":{},"widgets_values":["SenzusMix.safetensors"]},{"id":39,"type":"Image Filters","pos":[-146.22957852273254,930.982895272593],"size":{"0":315,"1":202},"flags":{},"order":14,"mode":0,"inputs":[{"name":"image","type":"IMAGE","link":69}],"outputs":[{"name":"IMAGE","type":"IMAGE","links":[132,135],"slot_index":0}],"title":"Image Filters (Edge Enhance)","properties":{},"widgets_values":[0,1,1,1,0,0,0.85]},{"id":80,"type":"Image Filters","pos":[192.77042147726684,932.982895272593],"size":{"0":315,"1":202},"flags":{},"order":15,"mode":0,"inputs":[{"name":"image","type":"IMAGE","link":132}],"outputs":[{"name":"IMAGE","type":"IMAGE","links":[133,134],"slot_index":0}],"title":"Image Filters (Bloom Adjustment)","properties":{},"widgets_values":[-0.5,1.6,0.5,1,0,30.200000000000006,0]},{"id":18,"type":"SaveImage","pos":[-146.22957852273254,1232.366546422455],"size":{"0":323.46551513671875,"1":552.5973510742188},"flags":{},"order":9,"mode":0,"inputs":[{"name":"images","type":"IMAGE","link":64}],"title":"Save Original Image","properties":{},"widgets_values":["original"],"color":"#232","bgcolor":"#353"},{"id":7,"type":"CLIPTextEncode","pos":[233.15186274620805,637.1355845765147],"size":[473.9388549471021,198.78945757340853],"flags":{},"order":4,"mode":0,"inputs":[{"name":"clip","type":"CLIP","link":5}],"outputs":[{"name":"CONDITIONING","type":"CONDITIONING","links":[6,20],"slot_index":0}],"title":"Negative Prompt - CLIPTextEncode","properties":{},"widgets_values":["(painting, cgi, 3d, sketch, low quality, bad art:1.3), (bad hands, bad proportions:1.2)"]},{"id":78,"type":"CLIPTextEncode (NSP)","pos":[232.15186274620805,246.13558457651467],"size":[474.4020854757797,344.65945896210803],"flags":{},"order":5,"mode":0,"inputs":[{"name":"clip","type":"CLIP","link":129}],"outputs":[{"name":"CONDITIONING","type":"CONDITIONING","links":[130,131],"slot_index":0}],"title":"Prompt - CLIPTextEncode (NSP)","properties":{},"widgets_values":["__",687193541428112,true,"((anime portrait)) of a beautiful __nationality__ woman ((wearing a traditional outfit))"]},{"id":8,"type":"VAEDecode","pos":[752,472],"size":{"0":210,"1":46},"flags":{},"order":13,"mode":0,"inputs":[{"name":"samples","type":"LATENT","link":18},{"name":"vae","type":"VAE","link":37}],"outputs":[{"name":"IMAGE","type":"IMAGE","links":[69],"slot_index":0}],"properties":{},"color":"#223","bgcolor":"#335"},{"id":5,"type":"EmptyLatentImage","pos":[1019,259],"size":{"0":315,"1":106},"flags":{},"order":2,"mode":0,"outputs":[{"name":"LATENT","type":"LATENT","links":[2],"slot_index":0}],"title":"Original Resolution","properties":{},"widgets_values":[512,768,1],"color":"#232","bgcolor":"#353"},{"id":38,"type":"SaveImage","pos":[934.0405912170315,912.7031144193751],"size":[764.5530647881792,1200.392389208488],"flags":{},"order":18,"mode":0,"inputs":[{"name":"images","type":"IMAGE","link":136}],"title":"Save Enhanced Image","properties":{},"widgets_values":["ehanced"],"color":"#223","bgcolor":"#335"},{"id":81,"type":"Image Combine","pos":[561.0405912170315,993.7031144193751],"size":{"0":315,"1":78},"flags":{},"order":17,"mode":0,"inputs":[{"name":"image_a","type":"IMAGE","link":135},{"name":"image_b","type":"IMAGE","link":134}],"outputs":[{"name":"IMAGE","type":"IMAGE","links":[136],"slot_index":0}],"title":"Image Combine (Add Bloom)","properties":{},"widgets_values":["screen"]},{"id":79,"type":"SaveImage","pos":[558.0405912170315,1233.7031144193743],"size":[323.6533056446515,551.2110225811186],"flags":{},"order":16,"mode":0,"inputs":[{"name":"images","type":"IMAGE","link":133}],"title":"Save Bloom Pass Image","properties":{},"widgets_values":["bloom"],"color":"#223","bgcolor":"#335"}],"links":[[1,4,0,3,0,"MODEL"],[2,5,0,3,3,"LATENT"],[5,4,1,7,0,"CLIP"],[6,7,0,3,2,"CONDITIONING"],[13,13,0,14,0,"UPSCALE_MODEL"],[18,16,0,8,0,"LATENT"],[20,7,0,16,2,"CONDITIONING"],[21,4,0,16,0,"MODEL"],[32,20,0,19,1,"VAE"],[35,20,0,21,1,"VAE"],[37,20,0,8,1,"VAE"],[40,19,0,14,1,"IMAGE"],[44,21,0,24,0,"LATENT"],[45,24,0,16,3,"LATENT"],[64,19,0,18,0,"IMAGE"],[69,8,0,39,0,"IMAGE"],[129,4,1,78,0,"CLIP"],[130,78,0,3,1,"CONDITIONING"],[131,78,0,16,1,"CONDITIONING"],[132,39,0,80,0,"IMAGE"],[133,80,0,79,0,"IMAGE"],[134,80,0,81,1,"IMAGE"],[135,39,0,81,0,"IMAGE"],[136,81,0,38,0,"IMAGE"],[140,3,0,19,0,"LATENT"],[141,14,0,21,0,"IMAGE"]],"groups":[{"title":"Model Setup","bounding":[-177,175,393,673],"color":"#3f789e"},{"title":"Prompt Setup","bounding":[219,175,502,673],"color":"#A88"},{"title":"Image Sizes","bounding":[998,175,358,673],"color":"#b58b2a"},{"title":"Sampler Settings","bounding":[1360,175,417,672],"color":"#3f789e"},{"title":"Vae Processing","bounding":[724,175,272,673],"color":"#8AA"},{"title":"Image Output","bounding":[-177,853,1954,1300]}],"config":{},"extra":{},"version":0.4}