{
  "last_node_id": 85,
  "last_link_id": 169,
  "nodes": [
    {
      "id": 16,
      "type": "PrimitiveNode",
      "pos": [
        -1727.000474735677,
        -245.63528803284893
      ],
      "size": {
        "0": 398,
        "1": 140
      },
      "flags": {},
      "order": 0,
      "mode": 0,
      "outputs": [
        {
          "name": "STRING",
          "type": "STRING",
          "links": [
            21,
            22
          ],
          "widget": {
            "name": "text",
            "config": [
              "STRING",
              {
                "multiline": true
              }
            ]
          },
          "slot_index": 0
        }
      ],
      "title": "Negative Prompt",
      "properties": {},
      "widgets_values": [
        "text, watermark, drawing, fake, painting, MSPAINT"
      ],
      "color": "#332922",
      "bgcolor": "#593930",
      "shape": 4
    },
    {
      "id": 61,
      "type": "SaveImage",
      "pos": [
        2577,
        -808
      ],
      "size": [
        1761.8806387162504,
        1135.4033805026502
      ],
      "flags": {
        "collapsed": false,
        "pinned": true
      },
      "order": 30,
      "mode": 0,
      "inputs": [
        {
          "name": "images",
          "type": "IMAGE",
          "link": 117
        }
      ],
      "properties": {},
      "widgets_values": [
        "upscale_"
      ]
    },
    {
      "id": 58,
      "type": "UpscaleModelLoader",
      "pos": [
        2190,
        -570
      ],
      "size": {
        "0": 315,
        "1": 58
      },
      "flags": {},
      "order": 1,
      "mode": 0,
      "outputs": [
        {
          "name": "UPSCALE_MODEL",
          "type": "UPSCALE_MODEL",
          "links": [
            113
          ],
          "shape": 3
        }
      ],
      "properties": {
        "Node name for S&R": "UpscaleModelLoader"
      },
      "widgets_values": [
        "4x_foolhardy_Remacri.pth"
      ]
    },
    {
      "id": 44,
      "type": "ConditioningConcat",
      "pos": [
        10,
        -580
      ],
      "size": {
        "0": 380.4000244140625,
        "1": 46
      },
      "flags": {},
      "order": 17,
      "mode": 0,
      "inputs": [
        {
          "name": "conditioning_to",
          "type": "CONDITIONING",
          "link": 72,
          "slot_index": 0
        },
        {
          "name": "conditioning_from",
          "type": "CONDITIONING",
          "link": 71
        }
      ],
      "outputs": [
        {
          "name": "CONDITIONING",
          "type": "CONDITIONING",
          "links": [
            73
          ],
          "shape": 3,
          "slot_index": 0
        }
      ],
      "properties": {
        "Node name for S&R": "ConditioningConcat"
      }
    },
    {
      "id": 12,
      "type": "CLIPTextEncode",
      "pos": [
        99,
        -464
      ],
      "size": {
        "0": 219,
        "1": 54
      },
      "flags": {
        "collapsed": false
      },
      "order": 13,
      "mode": 0,
      "inputs": [
        {
          "name": "clip",
          "type": "CLIP",
          "link": 11
        },
        {
          "name": "text",
          "type": "STRING",
          "link": 18,
          "widget": {
            "name": "text",
            "config": [
              "STRING",
              {
                "multiline": true
              }
            ]
          },
          "slot_index": 1
        }
      ],
      "outputs": [
        {
          "name": "CONDITIONING",
          "type": "CONDITIONING",
          "links": [
            72
          ],
          "slot_index": 0
        }
      ],
      "properties": {
        "Node name for S&R": "CLIPTextEncode"
      },
      "widgets_values": [
        "a photo of a group of monsters attacking each other in a dark space"
      ]
    },
    {
      "id": 13,
      "type": "CLIPTextEncode",
      "pos": [
        104,
        -359
      ],
      "size": {
        "0": 210,
        "1": 54
      },
      "flags": {
        "collapsed": false
      },
      "order": 12,
      "mode": 0,
      "inputs": [
        {
          "name": "clip",
          "type": "CLIP",
          "link": 13
        },
        {
          "name": "text",
          "type": "STRING",
          "link": 21,
          "widget": {
            "name": "text",
            "config": [
              "STRING",
              {
                "multiline": true
              }
            ]
          },
          "slot_index": 1
        }
      ],
      "outputs": [
        {
          "name": "CONDITIONING",
          "type": "CONDITIONING",
          "links": [
            33
          ],
          "slot_index": 0
        }
      ],
      "properties": {
        "Node name for S&R": "CLIPTextEncode"
      },
      "widgets_values": [
        "text, watermark, drawing, fake, painting, MSPAINT"
      ]
    },
    {
      "id": 4,
      "type": "CheckpointLoaderSimple",
      "pos": [
        -1058,
        44
      ],
      "size": {
        "0": 397,
        "1": 98
      },
      "flags": {},
      "order": 2,
      "mode": 0,
      "outputs": [
        {
          "name": "MODEL",
          "type": "MODEL",
          "links": [
            152
          ],
          "slot_index": 0
        },
        {
          "name": "CLIP",
          "type": "CLIP",
          "links": [
            3,
            5,
            153
          ],
          "slot_index": 1
        },
        {
          "name": "VAE",
          "type": "VAE",
          "links": [
            85
          ],
          "slot_index": 2
        }
      ],
      "properties": {
        "Node name for S&R": "CheckpointLoaderSimple"
      },
      "widgets_values": [
        "sdxl_base_pruned_no-ema.safetensors"
      ]
    },
    {
      "id": 43,
      "type": "CLIPTextEncodeSDXLRefiner",
      "pos": [
        0,
        -830
      ],
      "size": {
        "0": 400,
        "1": 200
      },
      "flags": {},
      "order": 15,
      "mode": 0,
      "inputs": [
        {
          "name": "clip",
          "type": "CLIP",
          "link": 70
        },
        {
          "name": "width",
          "type": "INT",
          "link": 98,
          "widget": {
            "name": "width",
            "config": [
              "INT",
              {
                "default": 1024,
                "min": 0,
                "max": 8192
              }
            ]
          }
        },
        {
          "name": "height",
          "type": "INT",
          "link": 99,
          "widget": {
            "name": "height",
            "config": [
              "INT",
              {
                "default": 1024,
                "min": 0,
                "max": 8192
              }
            ]
          }
        }
      ],
      "outputs": [
        {
          "name": "CONDITIONING",
          "type": "CONDITIONING",
          "links": [
            71
          ],
          "shape": 3,
          "slot_index": 0
        }
      ],
      "properties": {
        "Node name for S&R": "CLIPTextEncodeSDXLRefiner"
      },
      "widgets_values": [
        6,
        1280,
        768,
        ""
      ]
    },
    {
      "id": 8,
      "type": "VAEDecode",
      "pos": [
        891,
        -40
      ],
      "size": {
        "0": 210,
        "1": 46
      },
      "flags": {},
      "order": 21,
      "mode": 0,
      "inputs": [
        {
          "name": "samples",
          "type": "LATENT",
          "link": 28
        },
        {
          "name": "vae",
          "type": "VAE",
          "link": 85
        }
      ],
      "outputs": [
        {
          "name": "IMAGE",
          "type": "IMAGE",
          "links": [
            9
          ],
          "slot_index": 0
        }
      ],
      "properties": {
        "Node name for S&R": "VAEDecode"
      }
    },
    {
      "id": 27,
      "type": "VAEEncode",
      "pos": [
        2230,
        -90
      ],
      "size": {
        "0": 210,
        "1": 46
      },
      "flags": {},
      "order": 28,
      "mode": 0,
      "inputs": [
        {
          "name": "pixels",
          "type": "IMAGE",
          "link": 139
        },
        {
          "name": "vae",
          "type": "VAE",
          "link": 88
        }
      ],
      "outputs": [
        {
          "name": "LATENT",
          "type": "LATENT",
          "links": [
            151
          ],
          "shape": 3,
          "slot_index": 0
        }
      ],
      "properties": {
        "Node name for S&R": "VAEEncode"
      }
    },
    {
      "id": 78,
      "type": "LoraLoader",
      "pos": [
        -989,
        350
      ],
      "size": {
        "0": 315,
        "1": 126
      },
      "flags": {},
      "order": 11,
      "mode": 0,
      "inputs": [
        {
          "name": "model",
          "type": "MODEL",
          "link": 152
        },
        {
          "name": "clip",
          "type": "CLIP",
          "link": 153
        }
      ],
      "outputs": [
        {
          "name": "MODEL",
          "type": "MODEL",
          "links": [
            156
          ],
          "shape": 3,
          "slot_index": 0
        },
        {
          "name": "CLIP",
          "type": "CLIP",
          "links": [
            159
          ],
          "shape": 3,
          "slot_index": 1
        }
      ],
      "properties": {
        "Node name for S&R": "LoraLoader"
      },
      "widgets_values": [
        "AncientsBattleXL-dylyco.safetensors",
        0.3,
        1
      ]
    },
    {
      "id": 80,
      "type": "LoraLoader",
      "pos": [
        -990,
        551
      ],
      "size": {
        "0": 315,
        "1": 126
      },
      "flags": {},
      "order": 16,
      "mode": 0,
      "inputs": [
        {
          "name": "model",
          "type": "MODEL",
          "link": 156
        },
        {
          "name": "clip",
          "type": "CLIP",
          "link": 159
        }
      ],
      "outputs": [
        {
          "name": "MODEL",
          "type": "MODEL",
          "links": [
            157
          ],
          "shape": 3,
          "slot_index": 0
        },
        {
          "name": "CLIP",
          "type": "CLIP",
          "links": [
            158
          ],
          "shape": 3,
          "slot_index": 1
        }
      ],
      "properties": {
        "Node name for S&R": "LoraLoader"
      },
      "widgets_values": [
        "AncientsBattleXL-lora.safetensors",
        0.3,
        1
      ]
    },
    {
      "id": 59,
      "type": "ImageUpscaleWithModel",
      "pos": [
        2220,
        -400
      ],
      "size": {
        "0": 241.79998779296875,
        "1": 46
      },
      "flags": {},
      "order": 26,
      "mode": 0,
      "inputs": [
        {
          "name": "upscale_model",
          "type": "UPSCALE_MODEL",
          "link": 113,
          "slot_index": 0
        },
        {
          "name": "image",
          "type": "IMAGE",
          "link": 161
        }
      ],
      "outputs": [
        {
          "name": "IMAGE",
          "type": "IMAGE",
          "links": [
            138
          ],
          "shape": 3,
          "slot_index": 0
        }
      ],
      "properties": {
        "Node name for S&R": "ImageUpscaleWithModel"
      }
    },
    {
      "id": 42,
      "type": "ConditioningConcat",
      "pos": [
        34,
        495
      ],
      "size": {
        "0": 380.4000244140625,
        "1": 46
      },
      "flags": {},
      "order": 19,
      "mode": 0,
      "inputs": [
        {
          "name": "conditioning_to",
          "type": "CONDITIONING",
          "link": 68,
          "slot_index": 0
        },
        {
          "name": "conditioning_from",
          "type": "CONDITIONING",
          "link": 67
        }
      ],
      "outputs": [
        {
          "name": "CONDITIONING",
          "type": "CONDITIONING",
          "links": [
            69
          ],
          "shape": 3,
          "slot_index": 0
        }
      ],
      "properties": {
        "Node name for S&R": "ConditioningConcat"
      }
    },
    {
      "id": 41,
      "type": "CLIPTextEncodeSDXL",
      "pos": [
        34,
        -44
      ],
      "size": [
        368.542091152344,
        483.6029980664065
      ],
      "flags": {
        "collapsed": false
      },
      "order": 18,
      "mode": 0,
      "inputs": [
        {
          "name": "clip",
          "type": "CLIP",
          "link": 158
        },
        {
          "name": "width",
          "type": "INT",
          "link": 168,
          "widget": {
            "name": "width",
            "config": [
              "INT",
              {
                "default": 1024,
                "min": 0,
                "max": 8192
              }
            ]
          }
        },
        {
          "name": "height",
          "type": "INT",
          "link": 169,
          "widget": {
            "name": "height",
            "config": [
              "INT",
              {
                "default": 1024,
                "min": 0,
                "max": 8192
              }
            ]
          }
        },
        {
          "name": "target_width",
          "type": "INT",
          "link": 103,
          "widget": {
            "name": "target_width",
            "config": [
              "INT",
              {
                "default": 1024,
                "min": 0,
                "max": 8192
              }
            ]
          }
        },
        {
          "name": "target_height",
          "type": "INT",
          "link": 101,
          "widget": {
            "name": "target_height",
            "config": [
              "INT",
              {
                "default": 1024,
                "min": 0,
                "max": 8192
              }
            ]
          }
        }
      ],
      "outputs": [
        {
          "name": "CONDITIONING",
          "type": "CONDITIONING",
          "links": [
            67
          ],
          "shape": 3,
          "slot_index": 0
        }
      ],
      "properties": {
        "Node name for S&R": "CLIPTextEncodeSDXL"
      },
      "widgets_values": [
        128,
        128,
        0,
        0,
        1280,
        768,
        "CLIP_G",
        "CLIP_L"
      ]
    },
    {
      "id": 11,
      "type": "CheckpointLoaderSimple",
      "pos": [
        -995,
        -749
      ],
      "size": {
        "0": 336,
        "1": 98
      },
      "flags": {
        "collapsed": false
      },
      "order": 3,
      "mode": 0,
      "outputs": [
        {
          "name": "MODEL",
          "type": "MODEL",
          "links": [
            34
          ],
          "shape": 3,
          "slot_index": 0
        },
        {
          "name": "CLIP",
          "type": "CLIP",
          "links": [
            11,
            13,
            70
          ],
          "shape": 3,
          "slot_index": 1
        },
        {
          "name": "VAE",
          "type": "VAE",
          "links": [
            86,
            88,
            89
          ],
          "shape": 3,
          "slot_index": 2
        }
      ],
      "properties": {
        "Node name for S&R": "CheckpointLoaderSimple"
      },
      "widgets_values": [
        "sdxl_refiner_pruned_no-ema.safetensors"
      ]
    },
    {
      "id": 18,
      "type": "VAEDecode",
      "pos": [
        880,
        -760
      ],
      "size": {
        "0": 210,
        "1": 46
      },
      "flags": {},
      "order": 24,
      "mode": 0,
      "inputs": [
        {
          "name": "samples",
          "type": "LATENT",
          "link": 36
        },
        {
          "name": "vae",
          "type": "VAE",
          "link": 86
        }
      ],
      "outputs": [
        {
          "name": "IMAGE",
          "type": "IMAGE",
          "links": [
            30,
            161
          ],
          "shape": 3,
          "slot_index": 0
        }
      ],
      "properties": {
        "Node name for S&R": "VAEDecode"
      }
    },
    {
      "id": 9,
      "type": "SaveImage",
      "pos": [
        1279.891086355632,
        -69.80164473617141
      ],
      "size": {
        "0": 514.7054443359375,
        "1": 487.4568176269531
      },
      "flags": {},
      "order": 23,
      "mode": 0,
      "inputs": [
        {
          "name": "images",
          "type": "IMAGE",
          "link": 9
        }
      ],
      "properties": {},
      "widgets_values": [
        "base_output"
      ],
      "shape": 1
    },
    {
      "id": 19,
      "type": "SaveImage",
      "pos": [
        1285.891086355632,
        -781.2376044894245
      ],
      "size": {
        "0": 525.1484375,
        "1": 472.0134582519531
      },
      "flags": {},
      "order": 25,
      "mode": 0,
      "inputs": [
        {
          "name": "images",
          "type": "IMAGE",
          "link": 30
        }
      ],
      "properties": {},
      "widgets_values": [
        "refiner_output"
      ],
      "shape": 1
    },
    {
      "id": 20,
      "type": "KSampler",
      "pos": [
        500,
        -770
      ],
      "size": {
        "0": 315,
        "1": 262
      },
      "flags": {},
      "order": 22,
      "mode": 0,
      "inputs": [
        {
          "name": "model",
          "type": "MODEL",
          "link": 34
        },
        {
          "name": "positive",
          "type": "CONDITIONING",
          "link": 73
        },
        {
          "name": "negative",
          "type": "CONDITIONING",
          "link": 33
        },
        {
          "name": "latent_image",
          "type": "LATENT",
          "link": 167
        }
      ],
      "outputs": [
        {
          "name": "LATENT",
          "type": "LATENT",
          "links": [
            36
          ],
          "shape": 3,
          "slot_index": 0
        }
      ],
      "title": "KSampler for refiner (like img2img)",
      "properties": {
        "Node name for S&R": "KSampler"
      },
      "widgets_values": [
        103383881118491,
        "randomize",
        24,
        8,
        "dpmpp_2m",
        "normal",
        0.25
      ]
    },
    {
      "id": 62,
      "type": "ImageScaleBy",
      "pos": [
        2199,
        -265
      ],
      "size": {
        "0": 315,
        "1": 82
      },
      "flags": {},
      "order": 27,
      "mode": 0,
      "inputs": [
        {
          "name": "image",
          "type": "IMAGE",
          "link": 138
        }
      ],
      "outputs": [
        {
          "name": "IMAGE",
          "type": "IMAGE",
          "links": [
            139
          ],
          "shape": 3,
          "slot_index": 0
        }
      ],
      "properties": {
        "Node name for S&R": "ImageScaleBy"
      },
      "widgets_values": [
        "bicubic",
        2
      ]
    },
    {
      "id": 15,
      "type": "PrimitiveNode",
      "pos": [
        -1719,
        -510
      ],
      "size": {
        "0": 402,
        "1": 188
      },
      "flags": {},
      "order": 4,
      "mode": 0,
      "outputs": [
        {
          "name": "STRING",
          "type": "STRING",
          "links": [
            18,
            19
          ],
          "widget": {
            "name": "text",
            "config": [
              "STRING",
              {
                "multiline": true
              }
            ]
          },
          "slot_index": 0
        }
      ],
      "title": "Positive Prompt",
      "properties": {},
      "widgets_values": [
        "a photo of a group of monsters attacking each other in a dark space"
      ],
      "color": "#232",
      "bgcolor": "#353",
      "shape": 4
    },
    {
      "id": 81,
      "type": "EmptyLatentImage",
      "pos": [
        -1002,
        -515
      ],
      "size": [
        315,
        106
      ],
      "flags": {},
      "order": 5,
      "mode": 0,
      "inputs": [],
      "outputs": [
        {
          "name": "LATENT",
          "type": "LATENT",
          "links": [
            160
          ],
          "shape": 3,
          "slot_index": 0
        }
      ],
      "properties": {
        "Node name for S&R": "EmptyLatentImage"
      },
      "widgets_values": [
        1280,
        768,
        1
      ]
    },
    {
      "id": 53,
      "type": "PrimitiveNode",
      "pos": [
        -993,
        -344
      ],
      "size": {
        "0": 210,
        "1": 82
      },
      "flags": {},
      "order": 6,
      "mode": 0,
      "outputs": [
        {
          "name": "INT",
          "type": "INT",
          "links": [
            98,
            103
          ],
          "slot_index": 0,
          "widget": {
            "name": "width",
            "config": [
              "INT",
              {
                "default": 1024,
                "min": 0,
                "max": 8192
              }
            ]
          }
        }
      ],
      "title": "Width",
      "properties": {},
      "widgets_values": [
        1280,
        "fixed"
      ]
    },
    {
      "id": 54,
      "type": "PrimitiveNode",
      "pos": [
        -1000,
        -199
      ],
      "size": {
        "0": 210,
        "1": 82
      },
      "flags": {},
      "order": 7,
      "mode": 0,
      "outputs": [
        {
          "name": "INT",
          "type": "INT",
          "links": [
            99,
            101
          ],
          "slot_index": 0,
          "widget": {
            "name": "height",
            "config": [
              "INT",
              {
                "default": 1024,
                "min": 0,
                "max": 8192
              }
            ]
          }
        }
      ],
      "title": "Height",
      "properties": {},
      "widgets_values": [
        768,
        "fixed"
      ]
    },
    {
      "id": 28,
      "type": "VAEDecode",
      "pos": [
        2233,
        24
      ],
      "size": {
        "0": 210,
        "1": 46
      },
      "flags": {},
      "order": 29,
      "mode": 0,
      "inputs": [
        {
          "name": "samples",
          "type": "LATENT",
          "link": 151
        },
        {
          "name": "vae",
          "type": "VAE",
          "link": 89
        }
      ],
      "outputs": [
        {
          "name": "IMAGE",
          "type": "IMAGE",
          "links": [
            117
          ],
          "shape": 3,
          "slot_index": 0
        }
      ],
      "properties": {
        "Node name for S&R": "VAEDecode"
      }
    },
    {
      "id": 17,
      "type": "KSampler",
      "pos": [
        514,
        -53
      ],
      "size": [
        300.78079711914006,
        262
      ],
      "flags": {},
      "order": 20,
      "mode": 0,
      "inputs": [
        {
          "name": "model",
          "type": "MODEL",
          "link": 157
        },
        {
          "name": "positive",
          "type": "CONDITIONING",
          "link": 69
        },
        {
          "name": "negative",
          "type": "CONDITIONING",
          "link": 25
        },
        {
          "name": "latent_image",
          "type": "LATENT",
          "link": 160
        }
      ],
      "outputs": [
        {
          "name": "LATENT",
          "type": "LATENT",
          "links": [
            28,
            167
          ],
          "shape": 3,
          "slot_index": 0
        }
      ],
      "properties": {
        "Node name for S&R": "KSampler"
      },
      "widgets_values": [
        395719840584019,
        "randomize",
        20,
        6,
        "dpmpp_2s_ancestral",
        "normal",
        1
      ]
    },
    {
      "id": 85,
      "type": "PrimitiveNode",
      "pos": [
        -306,
        110
      ],
      "size": {
        "0": 210,
        "1": 82
      },
      "flags": {},
      "order": 8,
      "mode": 0,
      "outputs": [
        {
          "name": "INT",
          "type": "INT",
          "links": [
            169
          ],
          "slot_index": 0,
          "widget": {
            "name": "height",
            "config": [
              "INT",
              {
                "default": 1024,
                "min": 0,
                "max": 8192
              }
            ]
          }
        }
      ],
      "title": "Initial height",
      "properties": {},
      "widgets_values": [
        128,
        "fixed"
      ]
    },
    {
      "id": 84,
      "type": "PrimitiveNode",
      "pos": [
        -307,
        -18
      ],
      "size": {
        "0": 210,
        "1": 82
      },
      "flags": {},
      "order": 9,
      "mode": 0,
      "outputs": [
        {
          "name": "INT",
          "type": "INT",
          "links": [
            168
          ],
          "slot_index": 0,
          "widget": {
            "name": "width",
            "config": [
              "INT",
              {
                "default": 1024,
                "min": 0,
                "max": 8192
              }
            ]
          }
        }
      ],
      "title": "initial width",
      "properties": {},
      "widgets_values": [
        128,
        "fixed"
      ]
    },
    {
      "id": 6,
      "type": "CLIPTextEncode",
      "pos": [
        129,
        600
      ],
      "size": {
        "0": 210,
        "1": 54
      },
      "flags": {
        "collapsed": false
      },
      "order": 14,
      "mode": 0,
      "inputs": [
        {
          "name": "clip",
          "type": "CLIP",
          "link": 3
        },
        {
          "name": "text",
          "type": "STRING",
          "link": 19,
          "widget": {
            "name": "text",
            "config": [
              "STRING",
              {
                "multiline": true
              }
            ]
          }
        }
      ],
      "outputs": [
        {
          "name": "CONDITIONING",
          "type": "CONDITIONING",
          "links": [
            68
          ],
          "slot_index": 0
        }
      ],
      "properties": {
        "Node name for S&R": "CLIPTextEncode"
      },
      "widgets_values": [
        "a photo of a group of monsters attacking each other in a dark space"
      ]
    },
    {
      "id": 7,
      "type": "CLIPTextEncode",
      "pos": [
        142,
        716
      ],
      "size": {
        "0": 210,
        "1": 54
      },
      "flags": {
        "collapsed": false
      },
      "order": 10,
      "mode": 0,
      "inputs": [
        {
          "name": "clip",
          "type": "CLIP",
          "link": 5
        },
        {
          "name": "text",
          "type": "STRING",
          "link": 22,
          "widget": {
            "name": "text",
            "config": [
              "STRING",
              {
                "multiline": true
              }
            ]
          }
        }
      ],
      "outputs": [
        {
          "name": "CONDITIONING",
          "type": "CONDITIONING",
          "links": [
            25
          ],
          "slot_index": 0
        }
      ],
      "properties": {
        "Node name for S&R": "CLIPTextEncode"
      },
      "widgets_values": [
        "text, watermark, drawing, fake, painting, MSPAINT"
      ]
    }
  ],
  "links": [
    [
      3,
      4,
      1,
      6,
      0,
      "CLIP"
    ],
    [
      5,
      4,
      1,
      7,
      0,
      "CLIP"
    ],
    [
      9,
      8,
      0,
      9,
      0,
      "IMAGE"
    ],
    [
      11,
      11,
      1,
      12,
      0,
      "CLIP"
    ],
    [
      13,
      11,
      1,
      13,
      0,
      "CLIP"
    ],
    [
      18,
      15,
      0,
      12,
      1,
      "STRING"
    ],
    [
      19,
      15,
      0,
      6,
      1,
      "STRING"
    ],
    [
      21,
      16,
      0,
      13,
      1,
      "STRING"
    ],
    [
      22,
      16,
      0,
      7,
      1,
      "STRING"
    ],
    [
      25,
      7,
      0,
      17,
      2,
      "CONDITIONING"
    ],
    [
      28,
      17,
      0,
      8,
      0,
      "LATENT"
    ],
    [
      30,
      18,
      0,
      19,
      0,
      "IMAGE"
    ],
    [
      33,
      13,
      0,
      20,
      2,
      "CONDITIONING"
    ],
    [
      34,
      11,
      0,
      20,
      0,
      "MODEL"
    ],
    [
      36,
      20,
      0,
      18,
      0,
      "LATENT"
    ],
    [
      67,
      41,
      0,
      42,
      1,
      "CONDITIONING"
    ],
    [
      68,
      6,
      0,
      42,
      0,
      "CONDITIONING"
    ],
    [
      69,
      42,
      0,
      17,
      1,
      "CONDITIONING"
    ],
    [
      70,
      11,
      1,
      43,
      0,
      "CLIP"
    ],
    [
      71,
      43,
      0,
      44,
      1,
      "CONDITIONING"
    ],
    [
      72,
      12,
      0,
      44,
      0,
      "CONDITIONING"
    ],
    [
      73,
      44,
      0,
      20,
      1,
      "CONDITIONING"
    ],
    [
      85,
      4,
      2,
      8,
      1,
      "VAE"
    ],
    [
      86,
      11,
      2,
      18,
      1,
      "VAE"
    ],
    [
      88,
      11,
      2,
      27,
      1,
      "VAE"
    ],
    [
      89,
      11,
      2,
      28,
      1,
      "VAE"
    ],
    [
      98,
      53,
      0,
      43,
      1,
      "INT"
    ],
    [
      99,
      54,
      0,
      43,
      2,
      "INT"
    ],
    [
      101,
      54,
      0,
      41,
      4,
      "INT"
    ],
    [
      103,
      53,
      0,
      41,
      3,
      "INT"
    ],
    [
      113,
      58,
      0,
      59,
      0,
      "UPSCALE_MODEL"
    ],
    [
      117,
      28,
      0,
      61,
      0,
      "IMAGE"
    ],
    [
      138,
      59,
      0,
      62,
      0,
      "IMAGE"
    ],
    [
      139,
      62,
      0,
      27,
      0,
      "IMAGE"
    ],
    [
      151,
      27,
      0,
      28,
      0,
      "LATENT"
    ],
    [
      152,
      4,
      0,
      78,
      0,
      "MODEL"
    ],
    [
      153,
      4,
      1,
      78,
      1,
      "CLIP"
    ],
    [
      156,
      78,
      0,
      80,
      0,
      "MODEL"
    ],
    [
      157,
      80,
      0,
      17,
      0,
      "MODEL"
    ],
    [
      158,
      80,
      1,
      41,
      0,
      "CLIP"
    ],
    [
      159,
      78,
      1,
      80,
      1,
      "CLIP"
    ],
    [
      160,
      81,
      0,
      17,
      3,
      "LATENT"
    ],
    [
      161,
      18,
      0,
      59,
      1,
      "IMAGE"
    ],
    [
      167,
      17,
      0,
      20,
      3,
      "LATENT"
    ],
    [
      168,
      84,
      0,
      41,
      1,
      "INT"
    ],
    [
      169,
      85,
      0,
      41,
      2,
      "INT"
    ]
  ],
  "groups": [
    {
      "title": "REFINER HERE",
      "bounding": [
        -1020,
        -825,
        381,
        183
      ],
      "color": "#3f789e"
    },
    {
      "title": "BASE HERE",
      "bounding": [
        -1083,
        -41,
        444,
        203
      ],
      "color": "#8A8"
    },
    {
      "title": "RESULT WITHOUT REFINER",
      "bounding": [
        1271,
        -151,
        541,
        582
      ],
      "color": "#b58b2a"
    },
    {
      "title": "RESULT WITH REFINER",
      "bounding": [
        1270,
        -861,
        552,
        560
      ],
      "color": "#a1309b"
    },
    {
      "title": "SDXL 0.9",
      "bounding": [
        -1754,
        -600,
        1114,
        518
      ],
      "color": "#8AA"
    }
  ],
  "config": {},
  "extra": {},
  "version": 0.4
}