{
  "last_node_id": 188,
  "last_link_id": 508,
  "nodes": [
    {
      "id": 171,
      "type": "CR LoRA Stack",
      "pos": [
        -1269.1992459598591,
        52.33958032101022
      ],
      "size": {
        "0": 315,
        "1": 322
      },
      "flags": {},
      "order": 0,
      "mode": 0,
      "inputs": [
        {
          "name": "lora_stack",
          "type": "LORA_STACK",
          "link": null
        }
      ],
      "outputs": [
        {
          "name": "LORA_STACK",
          "type": "LORA_STACK",
          "links": [
            461
          ],
          "shape": 3,
          "slot_index": 0
        }
      ],
      "title": "SD1.5 LoRA Stack 1",
      "properties": {
        "Node name for S&R": "CR LoRA Stack"
      },
      "widgets_values": [
        "On",
        "SD1_5\\character_pokemon_may_v6.safetensors",
        1,
        1,
        "Off",
        "None",
        1,
        1,
        "Off",
        "None",
        1,
        1
      ],
      "color": "#222",
      "bgcolor": "#000"
    },
    {
      "id": 125,
      "type": "UpscaleModelLoader",
      "pos": [
        2106.181677590678,
        -40.613959334811504
      ],
      "size": {
        "0": 315,
        "1": 58
      },
      "flags": {},
      "order": 1,
      "mode": 0,
      "outputs": [
        {
          "name": "UPSCALE_MODEL",
          "type": "UPSCALE_MODEL",
          "links": [
            363
          ],
          "shape": 3,
          "slot_index": 0
        }
      ],
      "properties": {
        "Node name for S&R": "UpscaleModelLoader"
      },
      "widgets_values": [
        "RealESRGAN_x2.pth"
      ],
      "color": "#222",
      "bgcolor": "#000"
    },
    {
      "id": 177,
      "type": "Note",
      "pos": [
        -507.1336667459445,
        828.9509770334472
      ],
      "size": {
        "0": 315.0569152832031,
        "1": 64.73121643066406
      },
      "flags": {},
      "order": 2,
      "mode": 0,
      "title": "Save Model",
      "properties": {
        "text": ""
      },
      "widgets_values": [
        "To unhide this node, right click then Mode > Always\n\n"
      ],
      "color": "#432",
      "bgcolor": "#653"
    },
    {
      "id": 180,
      "type": "CR SD1.5 Aspect Ratio",
      "pos": [
        68.82123096767066,
        -191.53195118934457
      ],
      "size": {
        "0": 315,
        "1": 238
      },
      "flags": {},
      "order": 3,
      "mode": 0,
      "outputs": [
        {
          "name": "width",
          "type": "INT",
          "links": [
            479
          ],
          "shape": 3,
          "slot_index": 0
        },
        {
          "name": "height",
          "type": "INT",
          "links": [
            480
          ],
          "shape": 3,
          "slot_index": 1
        },
        {
          "name": "upscale_factor",
          "type": "FLOAT",
          "links": [
            482
          ],
          "shape": 3,
          "slot_index": 2
        },
        {
          "name": "batch_size",
          "type": "INT",
          "links": [
            481
          ],
          "shape": 3,
          "slot_index": 3
        }
      ],
      "title": "SD1.5 Aspect Ratio",
      "properties": {
        "Node name for S&R": "CR SD1.5 Aspect Ratio"
      },
      "widgets_values": [
        512,
        512,
        "2:3 portrait 512x768",
        "Off",
        1,
        1
      ],
      "color": "#222",
      "bgcolor": "#000"
    },
    {
      "id": 181,
      "type": "CR Seed",
      "pos": [
        68.82123096767066,
        98.46804881065545
      ],
      "size": {
        "0": 315,
        "1": 82
      },
      "flags": {},
      "order": 4,
      "mode": 0,
      "outputs": [
        {
          "name": "seed",
          "type": "INT",
          "links": [
            489
          ],
          "shape": 3,
          "slot_index": 0
        }
      ],
      "title": "Seed",
      "properties": {
        "Node name for S&R": "CR Seed"
      },
      "widgets_values": [
        242043131824823,
        "randomize"
      ],
      "color": "#222",
      "bgcolor": "#000"
    },
    {
      "id": 186,
      "type": "VAELoader",
      "pos": [
        -2250,
        704.5875287948113
      ],
      "size": {
        "0": 315,
        "1": 58
      },
      "flags": {},
      "order": 5,
      "mode": 0,
      "outputs": [
        {
          "name": "VAE",
          "type": "VAE",
          "links": [
            498
          ],
          "shape": 3,
          "slot_index": 0
        }
      ],
      "properties": {
        "Node name for S&R": "VAELoader"
      },
      "widgets_values": [
        "vae-ft-mse-840000-ema-pruned.safetensors"
      ],
      "color": "#222",
      "bgcolor": "#000"
    },
    {
      "id": 73,
      "type": "Note",
      "pos": [
        -2290,
        -275.4124712051887
      ],
      "size": {
        "0": 530,
        "1": 150
      },
      "flags": {},
      "order": 6,
      "mode": 0,
      "title": "Workbook Details",
      "properties": {
        "text": ""
      },
      "widgets_values": [
        "Workflow\nhttps://civitai.com/models/123125\n\nAugust 2023\nAkatsuzi\n\n\n"
      ],
      "color": "#432",
      "bgcolor": "#653"
    },
    {
      "id": 174,
      "type": "VAELoader",
      "pos": [
        68.82123096767066,
        238.46804881065552
      ],
      "size": {
        "0": 315,
        "1": 58
      },
      "flags": {},
      "order": 7,
      "mode": 0,
      "outputs": [
        {
          "name": "VAE",
          "type": "VAE",
          "links": [
            503
          ],
          "shape": 3,
          "slot_index": 0
        }
      ],
      "properties": {
        "Node name for S&R": "VAELoader"
      },
      "widgets_values": [
        "vae-ft-mse-840000-ema-pruned.safetensors"
      ],
      "color": "#222",
      "bgcolor": "#000"
    },
    {
      "id": 160,
      "type": "ModelMergeSimple",
      "pos": [
        -1631.9238189667,
        212.63464682228684
      ],
      "size": {
        "0": 229.02793884277344,
        "1": 78
      },
      "flags": {
        "collapsed": false
      },
      "order": 16,
      "mode": 0,
      "inputs": [
        {
          "name": "model1",
          "type": "MODEL",
          "link": 507
        },
        {
          "name": "model2",
          "type": "MODEL",
          "link": 508
        }
      ],
      "outputs": [
        {
          "name": "MODEL",
          "type": "MODEL",
          "links": [
            464
          ],
          "shape": 3,
          "slot_index": 0
        }
      ],
      "title": "Model Merge",
      "properties": {
        "Node name for S&R": "ModelMergeSimple"
      },
      "widgets_values": [
        0.5
      ]
    },
    {
      "id": 172,
      "type": "CR LoRA Stack",
      "pos": [
        -1270,
        424.5875287948113
      ],
      "size": {
        "0": 315,
        "1": 322
      },
      "flags": {},
      "order": 10,
      "mode": 0,
      "inputs": [
        {
          "name": "lora_stack",
          "type": "LORA_STACK",
          "link": 461
        }
      ],
      "outputs": [
        {
          "name": "LORA_STACK",
          "type": "LORA_STACK",
          "links": [
            462
          ],
          "shape": 3,
          "slot_index": 0
        }
      ],
      "title": "SD1.5 LoRA Stack 2",
      "properties": {
        "Node name for S&R": "CR LoRA Stack"
      },
      "widgets_values": [
        "Off",
        "None",
        1,
        1,
        "Off",
        "None",
        1,
        1,
        "Off",
        "None",
        1,
        1
      ],
      "color": "#222",
      "bgcolor": "#000"
    },
    {
      "id": 166,
      "type": "Reroute",
      "pos": [
        1199.0289868969303,
        48.64250751506676
      ],
      "size": [
        82,
        26
      ],
      "flags": {},
      "order": 11,
      "mode": 0,
      "inputs": [
        {
          "name": "",
          "type": "*",
          "link": 482
        }
      ],
      "outputs": [
        {
          "name": "FLOAT",
          "type": "FLOAT",
          "links": [
            442
          ],
          "slot_index": 0
        }
      ],
      "properties": {
        "showOutputText": true,
        "horizontal": false
      }
    },
    {
      "id": 95,
      "type": "EmptyLatentImage",
      "pos": [
        509.028986896931,
        -161.35749248493326
      ],
      "size": {
        "0": 210,
        "1": 74
      },
      "flags": {
        "collapsed": true
      },
      "order": 12,
      "mode": 0,
      "inputs": [
        {
          "name": "width",
          "type": "INT",
          "link": 479,
          "widget": {
            "name": "width",
            "config": [
              "INT",
              {
                "default": 512,
                "min": 64,
                "max": 8192,
                "step": 8
              }
            ]
          }
        },
        {
          "name": "height",
          "type": "INT",
          "link": 480,
          "widget": {
            "name": "height",
            "config": [
              "INT",
              {
                "default": 512,
                "min": 64,
                "max": 8192,
                "step": 8
              }
            ]
          }
        },
        {
          "name": "batch_size",
          "type": "INT",
          "link": 481,
          "widget": {
            "name": "batch_size",
            "config": [
              "INT",
              {
                "default": 1,
                "min": 1,
                "max": 64
              }
            ]
          }
        }
      ],
      "outputs": [
        {
          "name": "LATENT",
          "type": "LATENT",
          "links": [
            448
          ],
          "shape": 3,
          "slot_index": 0
        }
      ],
      "properties": {
        "Node name for S&R": "EmptyLatentImage"
      },
      "widgets_values": [
        512,
        512,
        1
      ]
    },
    {
      "id": 183,
      "type": "Reroute",
      "pos": [
        1199.0289868969303,
        98.64250751506673
      ],
      "size": [
        75,
        26
      ],
      "flags": {},
      "order": 13,
      "mode": 0,
      "inputs": [
        {
          "name": "",
          "type": "*",
          "link": 489
        }
      ],
      "outputs": [
        {
          "name": "INT",
          "type": "INT",
          "links": [
            490,
            491
          ],
          "slot_index": 0
        }
      ],
      "properties": {
        "showOutputText": true,
        "horizontal": false
      }
    },
    {
      "id": 161,
      "type": "CLIPMergeSimple",
      "pos": [
        -1633.765140065797,
        345.73573944063975
      ],
      "size": {
        "0": 230.32049560546875,
        "1": 78.89631652832031
      },
      "flags": {
        "collapsed": false
      },
      "order": 18,
      "mode": 0,
      "inputs": [
        {
          "name": "clip1",
          "type": "CLIP",
          "link": 505
        },
        {
          "name": "clip2",
          "type": "CLIP",
          "link": 506
        }
      ],
      "outputs": [
        {
          "name": "CLIP",
          "type": "CLIP",
          "links": [
            463
          ],
          "shape": 3,
          "slot_index": 0
        }
      ],
      "title": "CLIP Merge",
      "properties": {
        "Node name for S&R": "CLIPMergeSimple"
      },
      "widgets_values": [
        0.5
      ]
    },
    {
      "id": 173,
      "type": "CR Apply LoRA Stack",
      "pos": [
        -840,
        384.5875287948113
      ],
      "size": {
        "0": 210,
        "1": 66
      },
      "flags": {
        "collapsed": false
      },
      "order": 19,
      "mode": 0,
      "inputs": [
        {
          "name": "model",
          "type": "MODEL",
          "link": 464
        },
        {
          "name": "clip",
          "type": "CLIP",
          "link": 463
        },
        {
          "name": "lora_stack",
          "type": "LORA_STACK",
          "link": 462
        }
      ],
      "outputs": [
        {
          "name": "MODEL",
          "type": "MODEL",
          "links": [
            468,
            494
          ],
          "shape": 3,
          "slot_index": 0
        },
        {
          "name": "CLIP",
          "type": "CLIP",
          "links": [
            467,
            495
          ],
          "shape": 3,
          "slot_index": 1
        }
      ],
      "properties": {
        "Node name for S&R": "CR Apply LoRA Stack"
      }
    },
    {
      "id": 167,
      "type": "CheckpointSave",
      "pos": [
        -505.1336667459445,
        656.9509770334475
      ],
      "size": {
        "0": 315,
        "1": 98
      },
      "flags": {},
      "order": 21,
      "mode": 2,
      "inputs": [
        {
          "name": "model",
          "type": "MODEL",
          "link": 468
        },
        {
          "name": "clip",
          "type": "CLIP",
          "link": 467
        },
        {
          "name": "vae",
          "type": "VAE",
          "link": 498
        }
      ],
      "title": "Checkpoint Save",
      "properties": {
        "Node name for S&R": "CheckpointSave"
      },
      "widgets_values": [
        "checkpoints/MyModel"
      ]
    },
    {
      "id": 187,
      "type": "Reroute",
      "pos": [
        451.88130010635575,
        408.00562592291055
      ],
      "size": [
        82,
        26
      ],
      "flags": {},
      "order": 23,
      "mode": 0,
      "inputs": [
        {
          "name": "",
          "type": "*",
          "link": 501
        }
      ],
      "outputs": [
        {
          "name": "MODEL",
          "type": "MODEL",
          "links": [
            502
          ],
          "slot_index": 0
        }
      ],
      "properties": {
        "showOutputText": true,
        "horizontal": false
      }
    },
    {
      "id": 154,
      "type": "Reroute",
      "pos": [
        451.88130010635575,
        468.00562592291055
      ],
      "size": [
        75,
        26
      ],
      "flags": {},
      "order": 24,
      "mode": 0,
      "inputs": [
        {
          "name": "",
          "type": "*",
          "link": 493
        }
      ],
      "outputs": [
        {
          "name": "CLIP",
          "type": "CLIP",
          "links": [
            413,
            415
          ],
          "slot_index": 0
        }
      ],
      "properties": {
        "showOutputText": true,
        "horizontal": false
      }
    },
    {
      "id": 155,
      "type": "Reroute",
      "pos": [
        1199.0289868969303,
        408.64250751506677
      ],
      "size": [
        82,
        26
      ],
      "flags": {},
      "order": 25,
      "mode": 0,
      "inputs": [
        {
          "name": "",
          "type": "*",
          "link": 502
        }
      ],
      "outputs": [
        {
          "name": "MODEL",
          "type": "MODEL",
          "links": [
            441,
            499
          ],
          "slot_index": 0
        }
      ],
      "properties": {
        "showOutputText": true,
        "horizontal": false
      }
    },
    {
      "id": 4,
      "type": "CLIPTextEncode",
      "pos": [
        662.6399613930906,
        631.4343546475211
      ],
      "size": {
        "0": 399.835693359375,
        "1": 198.58326721191406
      },
      "flags": {
        "collapsed": false
      },
      "order": 26,
      "mode": 0,
      "inputs": [
        {
          "name": "clip",
          "type": "CLIP",
          "link": 413
        }
      ],
      "outputs": [
        {
          "name": "CONDITIONING",
          "type": "CONDITIONING",
          "links": [
            159
          ],
          "slot_index": 0
        }
      ],
      "title": "Negative Prompt",
      "properties": {
        "Node name for S&R": "CLIPTextEncode"
      },
      "widgets_values": [
        "embedding:easynegative,\n(embedding:bad-hands-5:0.8),\nworst quality, bad quality:1.2,\nmonochrome,\nrealistic,\nboring,\nsymmetric composition,\ntilted camera angle,\ntext, watermark, logo,\npen, pencil, paintbrush,\nmulti-frame, manga panels,\nNSFW"
      ],
      "color": "#571a1a",
      "bgcolor": "#6b2e2e"
    },
    {
      "id": 111,
      "type": "CLIPTextEncode",
      "pos": [
        662.6399613930906,
        301.434354647525
      ],
      "size": {
        "0": 400,
        "1": 260
      },
      "flags": {},
      "order": 27,
      "mode": 0,
      "inputs": [
        {
          "name": "clip",
          "type": "CLIP",
          "link": 415
        }
      ],
      "outputs": [
        {
          "name": "CONDITIONING",
          "type": "CONDITIONING",
          "links": [
            472
          ],
          "slot_index": 0
        }
      ],
      "title": "Postive Prompt",
      "properties": {
        "Node name for S&R": "CLIPTextEncode"
      },
      "widgets_values": [
        "20yo girl, random_wear, pink hair, long hair up, green eyes, sitting in bedroom,\n\nillustration:1.4, best quality, masterpiece, Pixiv, colorful, best quality,\n\ncolorized, pink + yellow + purple + black limited color palette,\n\ndigital illustration background"
      ],
      "color": "#232",
      "bgcolor": "#353"
    },
    {
      "id": 19,
      "type": "Reroute",
      "pos": [
        1199.0289868969303,
        518.642507515067
      ],
      "size": [
        140.8,
        26
      ],
      "flags": {},
      "order": 28,
      "mode": 0,
      "inputs": [
        {
          "name": "",
          "type": "*",
          "link": 159
        }
      ],
      "outputs": [
        {
          "name": "CONDITIONING",
          "type": "CONDITIONING",
          "links": [
            271,
            497
          ],
          "slot_index": 0
        }
      ],
      "properties": {
        "showOutputText": true,
        "horizontal": false
      }
    },
    {
      "id": 17,
      "type": "Reroute",
      "pos": [
        1199.0289868969303,
        468.64250751506677
      ],
      "size": [
        140.8,
        26
      ],
      "flags": {},
      "order": 29,
      "mode": 0,
      "inputs": [
        {
          "name": "",
          "type": "*",
          "link": 472
        }
      ],
      "outputs": [
        {
          "name": "CONDITIONING",
          "type": "CONDITIONING",
          "links": [
            270,
            496
          ],
          "slot_index": 0
        }
      ],
      "properties": {
        "showOutputText": true,
        "horizontal": false
      }
    },
    {
      "id": 84,
      "type": "KSampler",
      "pos": [
        1441.3357338281808,
        -197.56259734743324
      ],
      "size": {
        "0": 315,
        "1": 474.0000305175781
      },
      "flags": {},
      "order": 30,
      "mode": 0,
      "inputs": [
        {
          "name": "model",
          "type": "MODEL",
          "link": 441
        },
        {
          "name": "positive",
          "type": "CONDITIONING",
          "link": 496
        },
        {
          "name": "negative",
          "type": "CONDITIONING",
          "link": 497
        },
        {
          "name": "latent_image",
          "type": "LATENT",
          "link": 448
        },
        {
          "name": "seed",
          "type": "INT",
          "link": 490,
          "widget": {
            "name": "seed",
            "config": [
              "INT",
              {
                "default": 0,
                "min": 0,
                "max": 18446744073709552000
              }
            ]
          }
        }
      ],
      "outputs": [
        {
          "name": "LATENT",
          "type": "LATENT",
          "links": [
            238
          ],
          "shape": 3,
          "slot_index": 0
        }
      ],
      "title": "KSampler 1",
      "properties": {
        "Node name for S&R": "KSampler"
      },
      "widgets_values": [
        442477204249997,
        "randomize",
        25,
        8,
        "dpmpp_2m",
        "karras",
        1
      ],
      "color": "#222",
      "bgcolor": "#000"
    },
    {
      "id": 90,
      "type": "Latent Upscale by Factor (WAS)",
      "pos": [
        1471.8812998679368,
        338.1750575896226
      ],
      "size": {
        "0": 252,
        "1": 106
      },
      "flags": {
        "collapsed": false
      },
      "order": 31,
      "mode": 0,
      "inputs": [
        {
          "name": "samples",
          "type": "LATENT",
          "link": 238
        },
        {
          "name": "factor",
          "type": "FLOAT",
          "link": 442,
          "widget": {
            "name": "factor",
            "config": [
              "FLOAT",
              {
                "default": 2,
                "min": 0.1,
                "max": 8,
                "step": 0.01
              }
            ]
          }
        }
      ],
      "outputs": [
        {
          "name": "LATENT",
          "type": "LATENT",
          "links": [
            379
          ],
          "shape": 3,
          "slot_index": 0
        }
      ],
      "title": "Latent Upscale by Factor",
      "properties": {
        "Node name for S&R": "Latent Upscale by Factor (WAS)"
      },
      "widgets_values": [
        "area",
        2,
        "true"
      ]
    },
    {
      "id": 5,
      "type": "KSampler",
      "pos": [
        1441.3357338281808,
        502.4374026525668
      ],
      "size": {
        "0": 307.2632751464844,
        "1": 473.18780517578125
      },
      "flags": {},
      "order": 32,
      "mode": 0,
      "inputs": [
        {
          "name": "model",
          "type": "MODEL",
          "link": 499
        },
        {
          "name": "positive",
          "type": "CONDITIONING",
          "link": 270
        },
        {
          "name": "negative",
          "type": "CONDITIONING",
          "link": 271
        },
        {
          "name": "latent_image",
          "type": "LATENT",
          "link": 379
        },
        {
          "name": "seed",
          "type": "INT",
          "link": 491,
          "widget": {
            "name": "seed",
            "config": [
              "INT",
              {
                "default": 0,
                "min": 0,
                "max": 18446744073709552000
              }
            ]
          },
          "slot_index": 4
        }
      ],
      "outputs": [
        {
          "name": "LATENT",
          "type": "LATENT",
          "links": [
            486
          ],
          "slot_index": 0
        }
      ],
      "title": "KSampler 2",
      "properties": {
        "Node name for S&R": "KSampler"
      },
      "widgets_values": [
        293736849004083,
        "randomize",
        15,
        7,
        "dpmpp_2m",
        "karras",
        0.4999999999999998
      ],
      "color": "#222",
      "bgcolor": "#000"
    },
    {
      "id": 118,
      "type": "VAEDecode",
      "pos": [
        1841.8812998679368,
        168.1750575896225
      ],
      "size": {
        "0": 210,
        "1": 46
      },
      "flags": {
        "collapsed": true
      },
      "order": 33,
      "mode": 0,
      "inputs": [
        {
          "name": "samples",
          "type": "LATENT",
          "link": 486
        },
        {
          "name": "vae",
          "type": "VAE",
          "link": 504
        }
      ],
      "outputs": [
        {
          "name": "IMAGE",
          "type": "IMAGE",
          "links": [
            341,
            364
          ],
          "slot_index": 0
        }
      ],
      "properties": {
        "Node name for S&R": "VAEDecode"
      }
    },
    {
      "id": 123,
      "type": "PreviewImage",
      "pos": [
        2069.0289868969303,
        208.64250751506674
      ],
      "size": {
        "0": 520,
        "1": 800
      },
      "flags": {},
      "order": 34,
      "mode": 0,
      "inputs": [
        {
          "name": "images",
          "type": "IMAGE",
          "link": 341
        }
      ],
      "properties": {
        "Node name for S&R": "PreviewImage"
      }
    },
    {
      "id": 137,
      "type": "ImageUpscaleWithModel",
      "pos": [
        2106.181677590678,
        69.38604066518867
      ],
      "size": {
        "0": 241.79998779296875,
        "1": 46
      },
      "flags": {
        "collapsed": true
      },
      "order": 35,
      "mode": 0,
      "inputs": [
        {
          "name": "upscale_model",
          "type": "UPSCALE_MODEL",
          "link": 363
        },
        {
          "name": "image",
          "type": "IMAGE",
          "link": 364
        }
      ],
      "outputs": [
        {
          "name": "IMAGE",
          "type": "IMAGE",
          "links": [
            423
          ],
          "shape": 3,
          "slot_index": 0
        }
      ],
      "properties": {
        "Node name for S&R": "ImageUpscaleWithModel"
      }
    },
    {
      "id": 157,
      "type": "Image Levels Adjustment",
      "pos": [
        2456.181677590678,
        -40.613959334811504
      ],
      "size": {
        "0": 315,
        "1": 106
      },
      "flags": {
        "collapsed": false
      },
      "order": 36,
      "mode": 0,
      "inputs": [
        {
          "name": "image",
          "type": "IMAGE",
          "link": 423
        }
      ],
      "outputs": [
        {
          "name": "IMAGE",
          "type": "IMAGE",
          "links": [
            424
          ],
          "shape": 3
        }
      ],
      "properties": {
        "Node name for S&R": "Image Levels Adjustment"
      },
      "widgets_values": [
        0,
        127.5,
        255
      ]
    },
    {
      "id": 135,
      "type": "SaveImage",
      "pos": [
        2639.0289868969303,
        178.64250751506674
      ],
      "size": {
        "0": 520,
        "1": 830
      },
      "flags": {},
      "order": 37,
      "mode": 0,
      "inputs": [
        {
          "name": "images",
          "type": "IMAGE",
          "link": 424,
          "slot_index": 0
        }
      ],
      "properties": {},
      "widgets_values": [
        "Merge/Merge"
      ],
      "color": "#222",
      "bgcolor": "#000"
    },
    {
      "id": 185,
      "type": "Reroute",
      "pos": [
        -220,
        410
      ],
      "size": [
        82,
        26
      ],
      "flags": {},
      "order": 20,
      "mode": 0,
      "inputs": [
        {
          "name": "",
          "type": "*",
          "link": 494
        }
      ],
      "outputs": [
        {
          "name": "MODEL",
          "type": "MODEL",
          "links": [
            501
          ],
          "slot_index": 0
        }
      ],
      "properties": {
        "showOutputText": true,
        "horizontal": false
      }
    },
    {
      "id": 184,
      "type": "Reroute",
      "pos": [
        -220,
        470
      ],
      "size": [
        75,
        26
      ],
      "flags": {},
      "order": 22,
      "mode": 0,
      "inputs": [
        {
          "name": "",
          "type": "*",
          "link": 495
        }
      ],
      "outputs": [
        {
          "name": "CLIP",
          "type": "CLIP",
          "links": [
            493
          ],
          "slot_index": 0
        }
      ],
      "properties": {
        "showOutputText": true,
        "horizontal": false
      }
    },
    {
      "id": 188,
      "type": "Reroute",
      "pos": [
        520,
        140
      ],
      "size": [
        75,
        26
      ],
      "flags": {},
      "order": 14,
      "mode": 0,
      "inputs": [
        {
          "name": "",
          "type": "*",
          "link": 503
        }
      ],
      "outputs": [
        {
          "name": "VAE",
          "type": "VAE",
          "links": [
            504
          ],
          "slot_index": 0
        }
      ],
      "properties": {
        "showOutputText": true,
        "horizontal": false
      }
    },
    {
      "id": 2,
      "type": "CLIPSetLastLayer",
      "pos": [
        -2035.8598084230557,
        210.380021068508
      ],
      "size": {
        "0": 230.56053161621094,
        "1": 58
      },
      "flags": {},
      "order": 15,
      "mode": 0,
      "inputs": [
        {
          "name": "clip",
          "type": "CLIP",
          "link": 1
        }
      ],
      "outputs": [
        {
          "name": "CLIP",
          "type": "CLIP",
          "links": [
            505
          ],
          "slot_index": 0
        }
      ],
      "properties": {
        "Node name for S&R": "CLIPSetLastLayer"
      },
      "widgets_values": [
        -1
      ]
    },
    {
      "id": 162,
      "type": "CLIPSetLastLayer",
      "pos": [
        -2008.111080374453,
        551.9066060373907
      ],
      "size": {
        "0": 210,
        "1": 58.19845962524414
      },
      "flags": {
        "pinned": false,
        "collapsed": false
      },
      "order": 17,
      "mode": 0,
      "inputs": [
        {
          "name": "clip",
          "type": "CLIP",
          "link": 433
        }
      ],
      "outputs": [
        {
          "name": "CLIP",
          "type": "CLIP",
          "links": [
            506
          ],
          "slot_index": 0
        }
      ],
      "properties": {
        "Node name for S&R": "CLIPSetLastLayer"
      },
      "widgets_values": [
        -1
      ]
    },
    {
      "id": 1,
      "type": "CheckpointLoaderSimple",
      "pos": [
        -2255.8632380121153,
        14.107412126605618
      ],
      "size": {
        "0": 458,
        "1": 132
      },
      "flags": {},
      "order": 8,
      "mode": 0,
      "outputs": [
        {
          "name": "MODEL",
          "type": "MODEL",
          "links": [
            507
          ],
          "slot_index": 0
        },
        {
          "name": "CLIP",
          "type": "CLIP",
          "links": [
            1
          ],
          "slot_index": 1
        },
        {
          "name": "VAE",
          "type": "VAE",
          "links": null
        }
      ],
      "title": "SD1.5 Model 1",
      "properties": {
        "Node name for S&R": "CheckpointLoaderSimple"
      },
      "widgets_values": [
        "SD1_5\\unstableinkdream_75Anime.safetensors"
      ],
      "color": "#222",
      "bgcolor": "#000"
    },
    {
      "id": 159,
      "type": "CheckpointLoaderSimple",
      "pos": [
        -2258.1110803744496,
        341.9066060373916
      ],
      "size": {
        "0": 458,
        "1": 132
      },
      "flags": {
        "pinned": false,
        "collapsed": false
      },
      "order": 9,
      "mode": 0,
      "outputs": [
        {
          "name": "MODEL",
          "type": "MODEL",
          "links": [
            508
          ],
          "slot_index": 0
        },
        {
          "name": "CLIP",
          "type": "CLIP",
          "links": [
            433
          ],
          "slot_index": 1
        },
        {
          "name": "VAE",
          "type": "VAE",
          "links": null
        }
      ],
      "title": "SD1.5 Model 2",
      "properties": {
        "Node name for S&R": "CheckpointLoaderSimple"
      },
      "widgets_values": [
        "SD1_5\\ComfyrollAnime_v1_fp16_pruned.safetensors"
      ],
      "color": "#222",
      "bgcolor": "#000"
    }
  ],
  "links": [
    [
      1,
      1,
      1,
      2,
      0,
      "CLIP"
    ],
    [
      159,
      4,
      0,
      19,
      0,
      "*"
    ],
    [
      238,
      84,
      0,
      90,
      0,
      "LATENT"
    ],
    [
      270,
      17,
      0,
      5,
      1,
      "CONDITIONING"
    ],
    [
      271,
      19,
      0,
      5,
      2,
      "CONDITIONING"
    ],
    [
      341,
      118,
      0,
      123,
      0,
      "IMAGE"
    ],
    [
      363,
      125,
      0,
      137,
      0,
      "UPSCALE_MODEL"
    ],
    [
      364,
      118,
      0,
      137,
      1,
      "IMAGE"
    ],
    [
      379,
      90,
      0,
      5,
      3,
      "LATENT"
    ],
    [
      413,
      154,
      0,
      4,
      0,
      "CLIP"
    ],
    [
      415,
      154,
      0,
      111,
      0,
      "CLIP"
    ],
    [
      423,
      137,
      0,
      157,
      0,
      "IMAGE"
    ],
    [
      424,
      157,
      0,
      135,
      0,
      "IMAGE"
    ],
    [
      433,
      159,
      1,
      162,
      0,
      "CLIP"
    ],
    [
      441,
      155,
      0,
      84,
      0,
      "MODEL"
    ],
    [
      442,
      166,
      0,
      90,
      1,
      "FLOAT"
    ],
    [
      448,
      95,
      0,
      84,
      3,
      "LATENT"
    ],
    [
      461,
      171,
      0,
      172,
      0,
      "LORA_STACK"
    ],
    [
      462,
      172,
      0,
      173,
      2,
      "LORA_STACK"
    ],
    [
      463,
      161,
      0,
      173,
      1,
      "CLIP"
    ],
    [
      464,
      160,
      0,
      173,
      0,
      "MODEL"
    ],
    [
      467,
      173,
      1,
      167,
      1,
      "CLIP"
    ],
    [
      468,
      173,
      0,
      167,
      0,
      "MODEL"
    ],
    [
      472,
      111,
      0,
      17,
      0,
      "*"
    ],
    [
      479,
      180,
      0,
      95,
      0,
      "INT"
    ],
    [
      480,
      180,
      1,
      95,
      1,
      "INT"
    ],
    [
      481,
      180,
      3,
      95,
      2,
      "INT"
    ],
    [
      482,
      180,
      2,
      166,
      0,
      "*"
    ],
    [
      486,
      5,
      0,
      118,
      0,
      "LATENT"
    ],
    [
      489,
      181,
      0,
      183,
      0,
      "*"
    ],
    [
      490,
      183,
      0,
      84,
      4,
      "INT"
    ],
    [
      491,
      183,
      0,
      5,
      4,
      "INT"
    ],
    [
      493,
      184,
      0,
      154,
      0,
      "*"
    ],
    [
      494,
      173,
      0,
      185,
      0,
      "*"
    ],
    [
      495,
      173,
      1,
      184,
      0,
      "*"
    ],
    [
      496,
      17,
      0,
      84,
      1,
      "CONDITIONING"
    ],
    [
      497,
      19,
      0,
      84,
      2,
      "CONDITIONING"
    ],
    [
      498,
      186,
      0,
      167,
      2,
      "VAE"
    ],
    [
      499,
      155,
      0,
      5,
      0,
      "MODEL"
    ],
    [
      501,
      185,
      0,
      187,
      0,
      "*"
    ],
    [
      502,
      187,
      0,
      155,
      0,
      "*"
    ],
    [
      503,
      174,
      0,
      188,
      0,
      "*"
    ],
    [
      504,
      188,
      0,
      118,
      1,
      "VAE"
    ],
    [
      505,
      2,
      0,
      161,
      0,
      "CLIP"
    ],
    [
      506,
      162,
      0,
      161,
      1,
      "CLIP"
    ],
    [
      507,
      1,
      0,
      160,
      0,
      "MODEL"
    ],
    [
      508,
      159,
      0,
      160,
      1,
      "MODEL"
    ]
  ],
  "groups": [
    {
      "title": "Prompt",
      "bounding": [
        626,
        204,
        482,
        678
      ],
      "color": "#3f789e",
      "locked": false
    },
    {
      "title": "Models",
      "bounding": [
        -2290,
        -79,
        523,
        882
      ],
      "color": "#3f789e",
      "locked": false
    },
    {
      "title": "LoRAs",
      "bounding": [
        -1300,
        -50,
        383,
        847
      ],
      "color": "#3f789e",
      "locked": false
    },
    {
      "title": "Samplers",
      "bounding": [
        1398,
        -285,
        394,
        1301
      ],
      "color": "#3f789e",
      "locked": false
    },
    {
      "title": "Upscale and Levels",
      "bounding": [
        2073,
        -128,
        731,
        233
      ],
      "color": "#3f789e",
      "locked": false
    },
    {
      "title": "SD 1.5 Model Merge Template v0.1",
      "bounding": [
        -2326,
        -381,
        2245,
        1431
      ],
      "color": "#3f789e",
      "locked": false
    },
    {
      "title": "Merge Models",
      "bounding": [
        -1660,
        130,
        287,
        335
      ],
      "color": "#3f789e",
      "locked": false
    },
    {
      "title": "Setup",
      "bounding": [
        33,
        -282,
        397,
        629
      ],
      "color": "#3f789e",
      "locked": false
    },
    {
      "title": "Save Model",
      "bounding": [
        -535,
        569,
        376,
        363
      ],
      "color": "#3f789e",
      "locked": false
    },
    {
      "title": "Model Preview",
      "bounding": [
        -12,
        -381,
        3211,
        1431
      ],
      "color": "#3f789e",
      "locked": false
    }
  ],
  "config": {},
  "extra": {},
  "version": 0.4
}