{
  "last_node_id": 21,
  "last_link_id": 32,
  "nodes": [
    {
      "id": 12,
      "type": "VAELoader",
      "pos": [
        -107,
        748
      ],
      "size": {
        "0": 315,
        "1": 58
      },
      "flags": {},
      "order": 0,
      "mode": 0,
      "outputs": [
        {
          "name": "VAE",
          "type": "VAE",
          "links": [
            13
          ],
          "shape": 3,
          "slot_index": 0
        }
      ],
      "properties": {
        "Node name for S&R": "VAELoader"
      },
      "widgets_values": [
        "sdxl_vae.safetensors"
      ],
      "color": "#222",
      "bgcolor": "#000"
    },
    {
      "id": 1,
      "type": "CheckpointLoaderSimple",
      "pos": [
        -110,
        460
      ],
      "size": {
        "0": 501.9919128417969,
        "1": 128.00062561035156
      },
      "flags": {},
      "order": 1,
      "mode": 0,
      "outputs": [
        {
          "name": "MODEL",
          "type": "MODEL",
          "links": [
            5
          ],
          "slot_index": 0
        },
        {
          "name": "CLIP",
          "type": "CLIP",
          "links": [
            7
          ],
          "slot_index": 1
        },
        {
          "name": "VAE",
          "type": "VAE",
          "links": null,
          "slot_index": 2
        }
      ],
      "title": "Model 2",
      "properties": {
        "Node name for S&R": "CheckpointLoaderSimple"
      },
      "widgets_values": [
        "SDXL\\sd_xl_base_1.0.safetensors"
      ],
      "color": "#222",
      "bgcolor": "#000"
    },
    {
      "id": 6,
      "type": "CheckpointLoaderSimple",
      "pos": [
        -110,
        270
      ],
      "size": {
        "0": 501.9919128417969,
        "1": 128.00062561035156
      },
      "flags": {},
      "order": 2,
      "mode": 0,
      "outputs": [
        {
          "name": "MODEL",
          "type": "MODEL",
          "links": [
            4
          ],
          "slot_index": 0
        },
        {
          "name": "CLIP",
          "type": "CLIP",
          "links": [
            6
          ],
          "slot_index": 1
        },
        {
          "name": "VAE",
          "type": "VAE",
          "links": null
        }
      ],
      "title": "Model 1",
      "properties": {
        "Node name for S&R": "CheckpointLoaderSimple"
      },
      "widgets_values": [
        "SDXL\\sd_xl_base_1.0.safetensors"
      ],
      "color": "#222",
      "bgcolor": "#000"
    },
    {
      "id": 19,
      "type": "CR LoRA Stack",
      "pos": [
        861,
        281
      ],
      "size": {
        "0": 315,
        "1": 322
      },
      "flags": {},
      "order": 3,
      "mode": 0,
      "inputs": [
        {
          "name": "lora_stack",
          "type": "LORA_STACK",
          "link": null
        }
      ],
      "outputs": [
        {
          "name": "LORA_STACK",
          "type": "LORA_STACK",
          "links": [
            27
          ],
          "shape": 3,
          "slot_index": 0
        }
      ],
      "title": "LoRA Stack",
      "properties": {
        "Node name for S&R": "CR LoRA Stack"
      },
      "widgets_values": [
        "Off",
        "None",
        1,
        1,
        "Off",
        "None",
        1,
        1,
        "Off",
        "None",
        1,
        1
      ],
      "color": "#222",
      "bgcolor": "#000"
    },
    {
      "id": 5,
      "type": "ModelMergeSimple",
      "pos": [
        510,
        440
      ],
      "size": {
        "0": 262.9154357910156,
        "1": 78
      },
      "flags": {},
      "order": 4,
      "mode": 0,
      "inputs": [
        {
          "name": "model1",
          "type": "MODEL",
          "link": 4
        },
        {
          "name": "model2",
          "type": "MODEL",
          "link": 5
        }
      ],
      "outputs": [
        {
          "name": "MODEL",
          "type": "MODEL",
          "links": [
            29
          ],
          "shape": 3,
          "slot_index": 0
        }
      ],
      "title": "Model Merge",
      "properties": {
        "Node name for S&R": "ModelMergeSimple"
      },
      "widgets_values": [
        0.5
      ]
    },
    {
      "id": 7,
      "type": "CLIPMergeSimple",
      "pos": [
        500,
        290
      ],
      "size": {
        "0": 274.9154357910156,
        "1": 78
      },
      "flags": {},
      "order": 5,
      "mode": 0,
      "inputs": [
        {
          "name": "clip1",
          "type": "CLIP",
          "link": 6
        },
        {
          "name": "clip2",
          "type": "CLIP",
          "link": 7
        }
      ],
      "outputs": [
        {
          "name": "CLIP",
          "type": "CLIP",
          "links": [
            30
          ],
          "shape": 3,
          "slot_index": 0
        }
      ],
      "title": "CLIP Merge",
      "properties": {
        "Node name for S&R": "CLIPMergeSimple"
      },
      "widgets_values": [
        0.5
      ]
    },
    {
      "id": 20,
      "type": "CR LoRA Stack",
      "pos": [
        1212,
        280
      ],
      "size": {
        "0": 315,
        "1": 322
      },
      "flags": {},
      "order": 6,
      "mode": 0,
      "inputs": [
        {
          "name": "lora_stack",
          "type": "LORA_STACK",
          "link": 27
        }
      ],
      "outputs": [
        {
          "name": "LORA_STACK",
          "type": "LORA_STACK",
          "links": [
            28
          ],
          "shape": 3,
          "slot_index": 0
        }
      ],
      "title": "LoRA Stack",
      "properties": {
        "Node name for S&R": "CR LoRA Stack"
      },
      "widgets_values": [
        "Off",
        "None",
        1,
        1,
        "Off",
        "None",
        1,
        1,
        "Off",
        "None",
        1,
        1
      ],
      "color": "#222",
      "bgcolor": "#000"
    },
    {
      "id": 21,
      "type": "CR Apply LoRA Stack",
      "pos": [
        859,
        659
      ],
      "size": {
        "0": 210,
        "1": 66
      },
      "flags": {},
      "order": 7,
      "mode": 0,
      "inputs": [
        {
          "name": "model",
          "type": "MODEL",
          "link": 29
        },
        {
          "name": "clip",
          "type": "CLIP",
          "link": 30
        },
        {
          "name": "lora_stack",
          "type": "LORA_STACK",
          "link": 28
        }
      ],
      "outputs": [
        {
          "name": "MODEL",
          "type": "MODEL",
          "links": [
            31
          ],
          "shape": 3,
          "slot_index": 0
        },
        {
          "name": "CLIP",
          "type": "CLIP",
          "links": [
            32
          ],
          "shape": 3,
          "slot_index": 1
        }
      ],
      "title": "Apply LoRA Stack",
      "properties": {
        "Node name for S&R": "CR Apply LoRA Stack"
      },
      "color": "#222",
      "bgcolor": "#000"
    },
    {
      "id": 10,
      "type": "CheckpointSave",
      "pos": [
        1216,
        709
      ],
      "size": {
        "0": 309.0779113769531,
        "1": 98
      },
      "flags": {},
      "order": 8,
      "mode": 0,
      "inputs": [
        {
          "name": "model",
          "type": "MODEL",
          "link": 31
        },
        {
          "name": "clip",
          "type": "CLIP",
          "link": 32
        },
        {
          "name": "vae",
          "type": "VAE",
          "link": 13
        }
      ],
      "title": "Checkpoint Save",
      "properties": {
        "Node name for S&R": "CheckpointSave"
      },
      "widgets_values": [
        ""
      ]
    }
  ],
  "links": [
    [
      4,
      6,
      0,
      5,
      0,
      "MODEL"
    ],
    [
      5,
      1,
      0,
      5,
      1,
      "MODEL"
    ],
    [
      6,
      6,
      1,
      7,
      0,
      "CLIP"
    ],
    [
      7,
      1,
      1,
      7,
      1,
      "CLIP"
    ],
    [
      13,
      12,
      0,
      10,
      2,
      "VAE"
    ],
    [
      27,
      19,
      0,
      20,
      0,
      "LORA_STACK"
    ],
    [
      28,
      20,
      0,
      21,
      2,
      "LORA_STACK"
    ],
    [
      29,
      5,
      0,
      21,
      0,
      "MODEL"
    ],
    [
      30,
      7,
      0,
      21,
      1,
      "CLIP"
    ],
    [
      31,
      21,
      0,
      10,
      0,
      "MODEL"
    ],
    [
      32,
      21,
      1,
      10,
      1,
      "CLIP"
    ]
  ],
  "groups": [
    {
      "title": "Simple Model Merge Template (SDXL and 1.5)",
      "bounding": [
        -158,
        154,
        1737,
        708
      ],
      "color": "#3f789e",
      "locked": false
    }
  ],
  "config": {},
  "extra": {},
  "version": 0.4
}