{
  "last_node_id": 24,
  "last_link_id": 36,
  "nodes": [
    {
      "id": 22,
      "type": "CR Apply Model Merge",
      "pos": [
        660,
        680
      ],
      "size": {
        "0": 220,
        "1": 66
      },
      "flags": {},
      "order": 5,
      "mode": 0,
      "inputs": [
        {
          "name": "model_stack",
          "type": "MODEL_STACK",
          "link": 33
        }
      ],
      "outputs": [
        {
          "name": "MODEL",
          "type": "MODEL",
          "links": [
            35
          ],
          "shape": 3,
          "slot_index": 0
        },
        {
          "name": "CLIP",
          "type": "CLIP",
          "links": [
            36
          ],
          "shape": 3,
          "slot_index": 1
        },
        {
          "name": "model_mix_info",
          "type": "TEXT",
          "links": null,
          "shape": 3
        }
      ],
      "title": "Apply Model Merge",
      "properties": {
        "Node name for S&R": "CR Apply Model Merge"
      },
      "color": "#222",
      "bgcolor": "#000"
    },
    {
      "id": 21,
      "type": "CR Apply LoRA Stack",
      "pos": [
        930,
        680
      ],
      "size": {
        "0": 210,
        "1": 66
      },
      "flags": {},
      "order": 6,
      "mode": 0,
      "inputs": [
        {
          "name": "model",
          "type": "MODEL",
          "link": 35
        },
        {
          "name": "clip",
          "type": "CLIP",
          "link": 36
        },
        {
          "name": "lora_stack",
          "type": "LORA_STACK",
          "link": 28
        }
      ],
      "outputs": [
        {
          "name": "MODEL",
          "type": "MODEL",
          "links": [
            31
          ],
          "shape": 3,
          "slot_index": 0
        },
        {
          "name": "CLIP",
          "type": "CLIP",
          "links": [
            32
          ],
          "shape": 3,
          "slot_index": 1
        }
      ],
      "title": "Apply LoRA Stack",
      "properties": {
        "Node name for S&R": "CR Apply LoRA Stack"
      },
      "color": "#222",
      "bgcolor": "#000"
    },
    {
      "id": 12,
      "type": "VAELoader",
      "pos": [
        820,
        810
      ],
      "size": {
        "0": 315,
        "1": 58
      },
      "flags": {},
      "order": 0,
      "mode": 0,
      "outputs": [
        {
          "name": "VAE",
          "type": "VAE",
          "links": [
            13
          ],
          "shape": 3,
          "slot_index": 0
        }
      ],
      "properties": {
        "Node name for S&R": "VAELoader"
      },
      "widgets_values": [
        "sdxl_vae.safetensors"
      ],
      "color": "#222",
      "bgcolor": "#000"
    },
    {
      "id": 23,
      "type": "CR Model Stack",
      "pos": [
        -110,
        290
      ],
      "size": {
        "0": 315,
        "1": 322
      },
      "flags": {},
      "order": 1,
      "mode": 0,
      "inputs": [
        {
          "name": "model_stack",
          "type": "MODEL_STACK",
          "link": null
        }
      ],
      "outputs": [
        {
          "name": "MODEL_STACK",
          "type": "MODEL_STACK",
          "links": [
            34
          ],
          "shape": 3,
          "slot_index": 0
        }
      ],
      "title": "Model Stack",
      "properties": {
        "Node name for S&R": "CR Model Stack"
      },
      "widgets_values": [
        "On",
        "SD1_5\\ComfyrollAnime_v1_fp16_pruned.safetensors",
        0.5,
        0.5,
        "On",
        "SD1_5\\CounterfeitV25_25.safetensors",
        0.5,
        0.5,
        "Off",
        "None",
        0.5,
        0.5
      ],
      "color": "#222",
      "bgcolor": "#000"
    },
    {
      "id": 24,
      "type": "CR Model Stack",
      "pos": [
        250,
        290
      ],
      "size": {
        "0": 315,
        "1": 322
      },
      "flags": {},
      "order": 3,
      "mode": 0,
      "inputs": [
        {
          "name": "model_stack",
          "type": "MODEL_STACK",
          "link": 34
        }
      ],
      "outputs": [
        {
          "name": "MODEL_STACK",
          "type": "MODEL_STACK",
          "links": [
            33
          ],
          "shape": 3,
          "slot_index": 0
        }
      ],
      "title": "Model Stack",
      "properties": {
        "Node name for S&R": "CR Model Stack"
      },
      "widgets_values": [
        "On",
        "SD1_5\\dalcefoPainting_3rd.safetensors",
        0.5,
        0.5,
        "Off",
        "None",
        0.5,
        0.5,
        "Off",
        "SD1_5\\Comfyroll_v1_fp16_pruned.safetensors",
        0.5,
        0.5
      ],
      "color": "#222",
      "bgcolor": "#000"
    },
    {
      "id": 19,
      "type": "CR LoRA Stack",
      "pos": [
        700,
        280
      ],
      "size": {
        "0": 315,
        "1": 322
      },
      "flags": {},
      "order": 2,
      "mode": 0,
      "inputs": [
        {
          "name": "lora_stack",
          "type": "LORA_STACK",
          "link": null
        }
      ],
      "outputs": [
        {
          "name": "LORA_STACK",
          "type": "LORA_STACK",
          "links": [
            27
          ],
          "shape": 3,
          "slot_index": 0
        }
      ],
      "title": "LoRA Stack",
      "properties": {
        "Node name for S&R": "CR LoRA Stack"
      },
      "widgets_values": [
        "On",
        "SD1_5\\add_detail.safetensors",
        0.2,
        0.2,
        "Off",
        "None",
        1,
        1,
        "Off",
        "SD1_5\\ArknightsNian_20.safetensors",
        1,
        1
      ],
      "color": "#222",
      "bgcolor": "#000"
    },
    {
      "id": 20,
      "type": "CR LoRA Stack",
      "pos": [
        1060,
        280
      ],
      "size": {
        "0": 315,
        "1": 322
      },
      "flags": {},
      "order": 4,
      "mode": 0,
      "inputs": [
        {
          "name": "lora_stack",
          "type": "LORA_STACK",
          "link": 27
        }
      ],
      "outputs": [
        {
          "name": "LORA_STACK",
          "type": "LORA_STACK",
          "links": [
            28
          ],
          "shape": 3,
          "slot_index": 0
        }
      ],
      "title": "LoRA Stack",
      "properties": {
        "Node name for S&R": "CR LoRA Stack"
      },
      "widgets_values": [
        "Off",
        "None",
        1,
        1,
        "Off",
        "None",
        1,
        1,
        "Off",
        "SD1_5\\ArknightsDusk_10.safetensors",
        1,
        1
      ],
      "color": "#222",
      "bgcolor": "#000"
    },
    {
      "id": 10,
      "type": "CheckpointSave",
      "pos": [
        1240,
        720
      ],
      "size": {
        "0": 309.0779113769531,
        "1": 98
      },
      "flags": {},
      "order": 7,
      "mode": 0,
      "inputs": [
        {
          "name": "model",
          "type": "MODEL",
          "link": 31
        },
        {
          "name": "clip",
          "type": "CLIP",
          "link": 32
        },
        {
          "name": "vae",
          "type": "VAE",
          "link": 13
        }
      ],
      "title": "Checkpoint Save",
      "properties": {
        "Node name for S&R": "CheckpointSave"
      },
      "widgets_values": [
        "MergeModels/Merge"
      ]
    }
  ],
  "links": [
    [
      13,
      12,
      0,
      10,
      2,
      "VAE"
    ],
    [
      27,
      19,
      0,
      20,
      0,
      "LORA_STACK"
    ],
    [
      28,
      20,
      0,
      21,
      2,
      "LORA_STACK"
    ],
    [
      31,
      21,
      0,
      10,
      0,
      "MODEL"
    ],
    [
      32,
      21,
      1,
      10,
      1,
      "CLIP"
    ],
    [
      33,
      24,
      0,
      22,
      0,
      "MODEL_STACK"
    ],
    [
      34,
      23,
      0,
      24,
      0,
      "MODEL_STACK"
    ],
    [
      35,
      22,
      0,
      21,
      0,
      "MODEL"
    ],
    [
      36,
      22,
      1,
      21,
      1,
      "CLIP"
    ]
  ],
  "groups": [
    {
      "title": "Simple Model Merge Template (SDXL and 1.5)",
      "bounding": [
        -158,
        154,
        1759,
        776
      ],
      "color": "#3f789e",
      "locked": false
    }
  ],
  "config": {},
  "extra": {},
  "version": 0.4
}